"survey_uuid","Landscape..","Eplot..","latitude","longitude","Country","biodiversity"
"00f99986-4431-4733-8eb0-ac5b6c2be17f","000","180",-9.1681,32.71605,"TZA",0
"012aa924-9a9e-4115-951e-a2d56a3ef882","L19","006",-8.05512,36.50336,"TZA",2.61855469529385
"01b20d7d-5cdc-4cc7-a909-e60aba0596cd","000","329",-9.64025,34.40332,"TZA",0.578019967489279
"022a4f5a-9ac5-48b5-a82e-ba588f9b678f","000","368",-7.6841,36.21299,"TZA",2.22066241669139
"02f81f54-3c07-4e1c-8c7e-f94288fe2523","L20","006",-8.61466,34.27496,"TZA",0.664026327527608
"036182d8-d1a0-4196-a553-cbad1af2ccf3","000","048",-8.05913,38.68941,"TZA",2.81972559096566
"03aad0aa-dbaf-4bb4-a2f1-0cb80930aa27","000","042",-9.82472,34.54587,"TZA",0.732177281855369
"046b8971-162d-4b59-aedb-b1021a0c1c05","000","292",-8.22279,32.80155,"TZA",1.87685816121289
"0476dd49-5925-4a60-bea0-91fe6c8c65c8","000","330",-7.97793,35.21731,"TZA",1.81397943618337
"04c98cdf-765b-4ae8-848a-5b93aa141f60","000","306",-7.87723,33.40706,"TZA",0
"052099de-bca7-4ef2-8e4b-deb2db72432e","000","374",-7.52345,39.20813,"TZA",1.09153163455094
"05e1a375-ab06-4da5-80da-a66138732f13","000","110",-7.70081,38.47129,"TZA",0.827417894340168
"063e8307-9fe3-499c-9cb5-088460eea67c","000","114",-7.37144,35.52541,"TZA",1.38965126368546
"06a59a87-5aa9-47d2-8f7b-2edbbe71c3ae","000","199",-9.01811,33.41851,"TZA",0.271065767217366
"0836363f-4714-494f-817a-03647f855773","000","347",-8.57768,34.91183,"TZA",1.00009633086969
"083b56ff-bc76-4cb3-9a11-59bdb06e2445","L20","005",-8.56138,34.35061,"TZA",0.596014190580767
"083e5037-ff63-4d91-b0d1-954ca4c1f8b2","000","029",-9.28539,33.89577,"TZA",1.16193934966171
"08d7671c-ed59-4b1f-a7b6-fdf75d6914f7","L22","007",-8.14931,38.71893,"TZA",2.31387718479968
"095288c8-f124-45c1-afe0-1db83372f831","000","226",-6.5774,38.56973,"TZA",2.1083427039031
"09b088d4-6bca-4205-a3b2-590463826449","L10","006",-7.52016,36.42562,"TZA",1.5039359036263
"0a273885-5bb9-400f-b9c0-a4830143a891","000","372",-9.78933,34.52111,"TZA",1.76737793453002
"0a4af0ff-87b4-44ab-9569-6b17de4f8a14","L20","007",-8.57259,34.27673,"TZA",0
"0aa72de0-c30f-46ea-a6a6-7015f78ca7a7","000","026",-7.67201,39.09985,"TZA",0.174673089501106
"0b370d2f-efc9-4e55-8908-7d073bee3cca","000","095",-8.32127,31.81637,"TZA",0.088722839111673
"0bdd5cca-ff87-47f6-a2bf-1c10a84b29a2","L19","004",-8.06041,36.48324,"TZA",2.17534320055863
"0c828a5c-4a82-4979-a898-0abc703b2e51","000","234",-7.85028,33.39038,"TZA",1.53098319489304
"0d679720-6e41-4985-9d17-ee8afdf4bd9a","L11","002",-10.09787,34.70153,"TZA",1.79178838930147
"0eb95d58-565e-4a8e-b596-88c142c51d16","L18","007",-7.56419,36.47226,"TZA",1.72190375826661
"0f4268d7-3397-45da-a526-8e3dccfad803","000","273",-7.12236,33.41082,"TZA",1.48858339576092
"10094898-d301-40fd-b695-d409b0f7d8c2","000","088",-9.19401,33.80836,"TZA",0.0956543109172724
"10834179-c487-48cb-9d3c-9d22fb0d8f6a","L03","002",-7.93331,31.73594,"TZA",0.149719791000948
"1094541f-8cde-45d5-b55c-b6d27bdd7ce4","000","019",-8.30661,36.14143,"TZA",0
"11019c24-47c7-4082-b30b-172d4f357e0a","000","003",-7.88136,37.09501,"TZA",1.82734504626894
"11033668-fb59-48dc-8f13-1ba4181c3563","000","103",-7.07723,36.2471,"TZA",1.18381034327708
"11062b9d-87f5-440c-ad8d-b9010306d5c8","000","113",-6.68343,36.01351,"TZA",0
"1171672d-ffe3-4a24-bde1-70e78e3ffb6b","000","340",-9.25314,35.19466,"TZA",0.142833126733177
"1233a7c2-b024-46f1-8143-d5e50e5e8d9f","000","245",-7.21183,35.54937,"TZA",1.71252677046306
"1296b7ae-46d9-4c95-8b79-d97fb338b5fa","000","214",-8.05761,31.55781,"TZA",0
"12f78a0b-30ba-4b76-860e-a8899fa7ac30","000","081",-7.26806,39.13985,"TZA",1.88690773295909
"133f493e-89c1-45f7-9542-4396b4cb1f0e","000","389",-7.67943,32.60401,"TZA",2.28368677567471
"1358217b-9877-4560-9652-c363aee5c440","000","101",-6.83475,33.22683,"TZA",2.43088044113186
"1391a6d8-84d1-4e7e-839f-dd728ee2ec72","000","008",-7.79205,38.80814,"TZA",2.93694292278891
"13abc934-f1c3-48b6-a3a4-cda3cec67bb5","000","051",-9.57791,33.82963,"TZA",0.885497694236258
"13ad13d0-1eeb-4b87-b9fb-76c4aee4f842","L19","003",-8.13451,36.49421,"TZA",1.06444549281275
"13be87fc-b3be-4118-8f64-ca171a6255be","000","333",-7.30459,34.06875,"TZA",2.08288580535219
"13f3e4d5-5424-4e1d-ba77-5e7d239d9983","000","196",-9.41248,33.19536,"TZA",0
"147f7f44-89ed-4380-a556-6633b880df6c","000","315",-9.2,33.30899,"TZA",0
"148b5134-ecc1-4236-9dc7-b14df1eb9d4a","000","303",-9.04587,34.82549,"TZA",0
"15d334b4-fdbb-4714-a5e0-b870e499c2a4","000","138",-6.33537,36.4856,"TZA",0.101199488361752
"16689846-615a-4568-8b77-3b8706fd7eb2","000","143",-7.59451,35.07848,"TZA",2.13186326772984
"17866ce7-45a6-45e5-aa78-531aa943edb0","000","348",-7.05502,35.43904,"TZA",1.82546034625296
"17af2d82-35a8-407a-ae45-8062fa731c4b","000","198",-7.53943,36.49873,"TZA",1.49435690789147
"1811cb7e-a016-47c5-ac71-5deff59a52b6","000","227",-7.05817,37.24189,"TZA",2.70125357261488
"1889551c-41e5-4c61-af7b-883a783adcbe","000","264",-9.50603,34.59043,"TZA",0.911122765901146
"18932927-51ae-46d1-a2ab-8fbe1e40b65b","L18","007",-7.56419,36.47226,"TZA",1.68257979382041
"195014f0-7580-4204-8d06-00e8b225ace9","000","125",-6.88665,35.45153,"TZA",1.46966631292868
"195f86ee-6a4d-4d66-8be1-e5e97b22ad76","000","307",-9.51456,35.13316,"TZA",1.40668172298382
"1aa509ba-4444-46ff-bd0a-6528da69fa3b","000","326",-7.25264,37.0933,"TZA",0
"1b220884-9eaf-4e33-9586-49a341122cd6","000","223",-6.40322,38.30596,"TZA",0.820946203950026
"1b46c4d1-a324-45a4-b897-6cd9f80dd9f3","000","010",-9.29272,33.71231,"TZA",1.05860728200616
"1b7634e4-4b33-47e5-a986-451ffcc733db","000","182",-6.28529,36.70847,"TZA",0.586600944323941
"1e270ef0-aa16-4616-ba1c-b596c3a38794","000","075",-8.52239,31.21026,"TZA",1.94750256589528
"1e5a603d-f0ee-4205-8f5d-d8a3506a9a13","L19","008",-8.09468,36.5624,"TZA",2.46424986391807
"1ed32ed5-d2b0-4eb7-8d3e-7b6300cfcb5e","000","001",-7.5908,33.38203,"TZA",1.71403061029073
"202228e5-7bed-41e2-bfad-93bb8172792f","000","358",-7.34998,31.7353,"TZA",1.85209024866761
"20756fd3-98ab-42f8-ace5-d6451aa615ff","000","238",-7.35247,37.16265,"TZA",0.515310994901489
"20f2f84b-2480-4689-9205-1277f262996d","000","281",-8.5184,35.0777,"TZA",2.02211351449693
"20fa6546-1f96-4423-b2c6-c94f9e996081","000","346",-9.07563,32.91542,"TZA",0
"2184c863-907e-4709-b22f-012565f6ca95","000","242",-7.88976,38.36082,"TZA",1.19928535303342
"21e1b60d-e039-4aa0-b7cc-1cf296c0d3d5","000","187",-6.64063,37.97661,"TZA",1.42864442438042
"21f78fdc-1c6f-4db4-962e-51facd97b6a4","L19","007",-8.06147,36.52455,"TZA",2.8906960500088
"22a99ffb-5369-455f-a456-21c413bad8e3","000","090",-9.20863,34.40319,"TZA",0.898082750061324
"22b7a5c9-407d-46ef-a2e2-328fc3ca7828","L11","004",-10.05047,34.67768,"TZA",1.89079257246463
"230a5286-b9fa-4e9a-a03d-9f262747da3b","000","002",-8.09598,36.50402,"TZA",1.73407173954167
"23dd4f82-cb3a-4741-aef1-b98f0667a640","000","095",-8.30053,36.68543,"TZA",0.807940723651814
"24157e95-0a8f-4522-a7b2-ea0d2e3b7510","000","028",-9.45915,34.751,"TZA",0
"243a6a17-b83a-4261-85e9-d00d7b9333d6","000","008",-8.09468,36.5624,"TZA",2.1981908248317
"24969b8e-b834-4fa9-8ce7-d0abaab56b62","L22","012",-8.10328,38.7718,"TZA",1.17486437752467
"260e4400-f4ec-4c1d-8f33-bcc0c8577018","000","232",-8.93847,33.97525,"TZA",0
"269219c0-e4a8-4c87-8fd9-5a898ba6885a","000","024",-8.25042,39.04809,"TZA",1.63265873451284
"26f95ae1-1698-4cdc-8aa7-cd54afa222f7","000","302",-8.25473,35.30546,"TZA",1.59535365129757
"277cec31-797c-4de2-93c2-95974201dade","L19","004",-8.06041,36.48324,"TZA",2.32743242615095
"28695d2a-1e28-4047-ac5d-05bcbf6e5249","000","208",-8.56941,32.33279,"TZA",1.42073811283641
"2a359d8c-cd50-4756-8221-788d51c490d5","000","167",-6.67891,35.07903,"TZA",0
"2acef01d-f19d-4701-b51d-a89c64543d58","000","080",-6.97827,39.29917,"TZA",1.69134718571635
"2b0beb4a-d459-4fa5-8afb-a645758cf795","000","390",-6.22599,37.35691,"TZA",2.20728187127199
"2b3579d0-98da-4178-881d-2a75932a4f1a","000","120",-8.84874,32.48868,"TZA",0
"2bd8e77b-e6f4-4bf2-a67e-9e6b94b76c2d","000","231",-9.14922,32.5352,"TZA",1.99150936135661
"2c41dd1e-87fc-4b9d-8967-3a3628e167a7","L19","005",-8.12104,36.48205,"TZA",0.361822828252291
"2cd56352-1816-48aa-a191-d0526620dda4","000","181",-6.85022,34.83517,"TZA",1.62977280200995
"2df8675b-0bbd-47b7-9f4e-76b9a69ad5b1","L20","003",-8.59611,34.31753,"TZA",0
"2e037c00-d28f-47d6-b3ad-0ceeacfcad02","000","004",-9.33291,33.76562,"TZA",0.185763444390065
"2e2f5e0d-814b-4874-9e15-308ccc43db43","000","063",-7.7379,32.98275,"TZA",1.34865390234156
"2e66bf06-97d9-4fbc-b874-e0e52af2c0f8","000","095",-8.30053,36.68543,"TZA",0.811383874498983
"2f484802-da52-46ff-8d33-f0dfc22aa53d","000","391",-8.03617,39.23787,"TZA",1.00219984502851
"2f61b265-8d22-40b3-a236-fb3081c77c14","000","394",-9.59106,35.16641,"TZA",1.00844441222362
"2f8c36c3-f494-4ab5-8720-48daedbafa75","000","038",-8.91455,36.29362,"TZA",0.892304568205069
"301a8d85-ed5b-4307-8f83-a41bf686f349","000","104",-7.79961,35.6217,"TZA",1.66014556485096
"307e0149-26a7-4c33-98a5-a1f17cc73c34","L11","014",-10.06551,34.66501,"TZA",0
"30954cb7-b36f-4f8b-bcb9-30f02653f047","000","335",-9.30772,35.23887,"TZA",1.19298966504242
"3122cb76-e1e7-4067-afe6-f9ff23db3559","000","400",-9.23186,35.90522,"TZA",2.29328361008863
"31e4ca6c-7f95-4c05-be7e-32ef35a898c5","000","083",-6.077,38.64937,"TZA",2.48408517166302
"3264e36b-fcd8-4269-a34c-91ec8b82b938","000","168",-8.69343,33.13997,"TZA",0.580857337309234
"32c342eb-6163-4de0-85c2-6b2586b4fbb0","000","250",-6.90431,38.72195,"TZA",2.20735947233755
"3348b375-f026-4453-86d5-d32642e292c1","000","191",-8.08027,36.67016,"TZA",2.11581105855874
"3475948b-1b0f-4f54-8723-770f4326ad8b","L11","003",-10.03509,34.66942,"TZA",1.7501807549809
"34a71016-8724-4cbc-88d2-75dfa0756da7","000","127",-7.29582,35.55,"TZA",0.909733689621201
"34adb144-47d6-46e8-8a61-8fa7adcad564","L22","006",-8.11051,38.75621,"TZA",1.86571359662945
"34cfd670-fe28-42ab-aba7-e6e7f75c4be1","L20","009",-8.56769,34.35102,"TZA",0
"34e08c39-6928-4d10-b7d5-d2a98985f544","000","331",-7.03762,39.05497,"TZA",0
"36267370-8498-458a-8150-4c30f8abe8a0","000","112",-8.75377,34.76657,"TZA",0.746100881722062
"36d1a214-4e3f-47aa-ba19-80a1102614a7","000","399",-7.48295,32.69041,"TZA",2.39530824046404
"3806b529-6dfa-41a4-89df-6f3263aa3a2f","000","195",-8.32127,31.81637,"TZA",0.209330448529103
"39d64b67-eb7b-4e14-a11e-fc5acfaface7","000","022",-9.7867,34.67331,"TZA",0.415888308335967
"3ae3988f-978c-4147-88d0-3e51250bd65f","000","171",-8.08193,36.73882,"TZA",2.26143793343949
"3bad2639-100c-4846-81ff-e10fcad2bc58","000","136",-7.53961,35.40436,"TZA",1.29353377053468
"3c52abc6-3fb6-473b-a0f5-6639a60e1646","L03","010",-7.95063,31.69864,"TZA",0.239828924473741
"3cbdf5d2-66a1-4755-bf13-2c80031197d9","L22","013",-8.1126,38.75748,"TZA",2.92137438492969
"3d010cba-2c03-4455-9aef-b6888885938f","000","159",-7.21532,35.35372,"TZA",1.56142046724484
"3d247617-8a2d-4127-8df4-0c604e8d091c","L19","004",-8.06041,36.48324,"TZA",2.18723195574705
"3d9c8cd0-fc25-44ea-9550-99be5e48182a","000","388",-6.74957,39.09995,"TZA",0.715906067762007
"3da457b0-9737-4bee-ae30-2560c125ce8d","000","351",-8.83952,34.94588,"TZA",0.925049996128341
"3e096632-e36a-4fc2-88f8-2d87de6f2073","000","153",-8.7324,33.26097,"TZA",0
"3f63509a-a9be-42ae-bf2e-d830de8d75c8","000","095",-8.30053,36.68543,"TZA",0.909523817212909
"40e09406-bf70-4d13-8cbb-c4731be86f75","000","216",-6.53693,36.14131,"TZA",2.06920246582036
"41940863-b42e-4d40-baf1-75ef19ab32da","000","366",-9.51088,34.40588,"TZA",0
"41ff45fe-53c9-4193-a31d-bc77382a4e4a","000","384",-9.40592,33.76439,"TZA",0.850913738887101
"43a4234b-e6ad-44d7-89a9-e9dc2025eb10","000","005",-9.3576,33.72775,"TZA",2.24517158941152
"461fffcf-d5ae-4158-a6e3-050e3135ea3d","000","377",-7.93054,37.11082,"TZA",1.90482835009195
"46a3f495-05b0-4e7a-bcfc-1019acb40716","L20","001",-8.60644,34.36029,"TZA",1.74317515405136
"46d2a7ba-8e81-4b59-8020-45fe71ce5b83","000","071",-8.61442,35.43795,"TZA",0.961284719260254
"473ae0d6-51dd-4f7f-87fc-2998c4eb1f4d","000","230",-7.50917,35.65242,"TZA",1.21649943919997
"474b74d2-863c-42e3-a1d4-58ec783716ac","000","365",-8.6915,32.54745,"TZA",1.23604334871789
"47b11f6a-944f-445a-8ec9-a74b2c74bedb","000","077",-9.5169,34.858,"TZA",0.585419278449006
"480f28d5-d8c0-4151-9210-c8854755c65d","L22","012",-8.10325,38.7718,"TZA",1.68925797436506
"4870c7c4-6d38-4db3-b687-f97395ac17be","000","373",-7.3306,31.66432,"TZA",1.26237689301385
"4895d472-548a-4eda-a5fb-8ab032915dbe","000","061",-9.25587,33.57798,"TZA",0.338255824113253
"48ae7974-f15f-46f2-baae-631060e0bc4c","000","323",-8.15767,36.38192,"TZA",2.43001255161518
"490e3e3e-4c30-43dc-856a-5c8b3aa76e5b","000","062",-6.13927,38.20404,"TZA",0
"49102f3b-a6e7-4e72-9f16-23d4938977fc","000","054",-9.28829,33.35358,"TZA",1.20180351107431
"49dd1a4d-f466-4048-8096-b1a9e6b295de","000","213",-7.94649,31.33271,"TZA",0
"4b0ca4ba-08f8-4a06-8017-bb42fc13689b","000","271",-9.33883,33.22385,"TZA",2.26034843296296
"4c51ac3d-0d1f-486c-9cd3-998fbdfd42b3","000","184",-7.50995,35.68908,"TZA",1.6000582428446
"4c53dbd5-67d6-4200-8e0c-6a507e66dfec","000","357",-10.234,34.71945,"TZA",2.03057004183639
"4c94a23c-f6d1-4e22-a1d7-cb8bd96dc832","000","332",-6.34254,36.67076,"TZA",0
"4d9dd6dc-528c-44c6-91c0-c3846a771ef5","000","013",-9.91421,35.42001,"TZA",1.95451236400427
"4deea0d0-efa3-4e15-9896-5e2311181e1d","000","396",-9.90408,35.2529,"TZA",1.38482312310082
"4edbd38c-0793-4e53-bdfb-cd1a88802c0a","L20","010",-8.64052,34.28859,"TZA",0.164969028973267
"4f0b2455-485c-47b0-8873-4088767e18ea","000","275",-6.86019,38.70916,"TZA",1.64556213187442
"4f2483a3-d6af-42a7-9c4d-b993e8bb00fe","000","066",-9.30323,33.91745,"TZA",0.272056148137818
"4fa8f10d-6970-44a1-953c-d21f79d2aedb","000","295",-10.36922,34.83282,"TZA",2.31235655912314
"4fcfaee0-d582-46c8-b60d-c188c54a4961","000","193",-8.20581,34.81062,"TZA",0
"4fdd4b15-b662-4387-8837-19747675ac3a","L19","009",-8.13377,36.48232,"TZA",0.926627893054347
"4fe0dc65-7269-4fe0-82b1-e7f97ab76310","L10","010",-8.53273,34.87798,"TZA",0.914842101375278
"5007be3c-bd32-4bfe-bd72-02989c8f8209","000","313",-9.90896,34.647,"TZA",2.5041854522186
"502c0f28-c214-4d02-bacd-597bf511e9be","000","023",-7.33815,39.03233,"TZA",2.52571389597967
"50733c9c-ce15-4288-91cc-03a12a72a6b8","000","177",-9.68775,34.64795,"TZA",1.73289640372851
"5195a643-6645-4127-a589-e086c16ffd12","000","328",-9.09612,34.54187,"TZA",0.0402025364724768
"52465f77-fe03-47e2-85a9-9fd38ad34839","000","355",-7.36925,36.8009,"TZA",1.55107196519048
"52fa42a1-1869-40c5-bb2a-3b50828a639e","000","294",-8.08141,31.81899,"TZA",0
"5377045e-ff9b-4917-aa57-a1ccff301ce8","000","092",-7.23797,39.23499,"TZA",2.32682445160544
"54c61c96-4b13-4294-aa3a-e742539fe974","000","310",-5.9676,38.42441,"TZA",2.12515967273304
"55cee49d-b197-4732-b251-7ad9f9fd767a","000","009",-8.38282,36.67445,"TZA",0
"5670907f-7c66-47a1-a178-790ff1449dd5","000","100",-9.26371,32.79618,"TZA",1.94366264574775
"56ab77af-1e71-43ab-b9e5-73f9f3ce027a","000","097",-8.36429,32.294,"TZA",0
"5714ae80-42f0-4e83-be08-c731bc287922","000","049",-9.77125,34.6511,"TZA",0.300825876363016
"572c6034-4a5a-4e6e-b929-a75ba63a85c6","000","252",-7.47558,39.01114,"TZA",2.36601290810603
"5821d123-8bd7-4da3-8d88-4f04f90bf679","000","316",-7.06502,33.35383,"TZA",1.30197630379183
"586119f3-6cc2-46f7-ab32-ef30e43600ff","000","162",-8.85628,34.93627,"TZA",0.024953298500158
"588c070f-4828-47aa-a24d-b847e02f2b32","000","265",-7.03679,38.74775,"TZA",2.25734041720276
"5919df92-3390-4e53-9d3d-2c49b8788bf8","000","076",-9.34511,33.4309,"TZA",0.423591285220288
"59d78053-9470-4f17-9015-2a7b72cd0eff","000","268",-8.83465,33.78407,"TZA",0
"5a1b2706-f47d-4ade-804c-1b050e3d1257","000","068",-8.35578,36.06615,"TZA",2.42486946322601
"5a6bb591-64bf-4a86-ae98-0c920e1b769f","000","398",-8.63916,36.77483,"TZA",1.3650725612408
"5aeea289-0ddb-4e01-bdda-69452e59b29d","000","387",-6.69553,38.68831,"TZA",0
"5b42dd5c-e967-4b63-ad78-b765c950479c","000","009",-8.38282,36.67445,"TZA",0
"5b6b2d1b-0199-4501-b80c-d43bd9fed93e","L10","007",-8.55264,34.87053,"TZA",1.29117805336712
"5bb7b758-69f7-46d6-bed9-0e57c4f6a9f0","000","012",-9.29186,33.35892,"TZA",1.86552967852388
"5c84c882-1fa1-470a-bd93-ba96a3c23127","000","185",-6.77616,35.07691,"TZA",1.5612315690528
"5d0dc487-484a-4769-9b01-b0b56bb2c3e4","000","179",-8.17666,30.9619,"TZA",1.27670298218381
"5d7ce0b8-5dde-4dbe-b0ee-c88798c313bb","000","338",-8.81085,33.66652,"TZA",0.618998086248222
"5db6a295-0518-4261-b0a3-3b8ef3cd5765","L22","001",-8.13887,38.71129,"TZA",2.5816034714813
"5dc5c369-6e87-45d5-bb18-baa0fc511205","L03","004",-7.95352,31.71146,"TZA",0
"5e56de4f-a407-42cc-abe2-acdb06f6ad5f","000","027",-7.74658,38.96672,"TZA",2.41199534327522
"5f0a26b6-a4d2-434d-91f6-634e19dde7e2","000","032",-7.08675,38.86242,"TZA",2.12627403507929
"5fed06a7-3ec5-4598-add0-19721b889099","L03","001",-7.97912,31.71047,"TZA",0
"604da622-336a-44c7-bf06-16835d73417d","000","156",-9.11874,32.46664,"TZA",1.82869787772032
"607dea9b-46cc-4689-86c5-63d8611e61ba","L11","013",-10.03676,34.69643,"TZA",2.03622744010262
"61f8ce2e-bbf0-4fd3-bf77-97cfd1e0645e","000","174",-8.83724,33.6364,"TZA",0
"624c817a-e447-4ab4-9999-a492167efc2e","000","228",-9.36594,32.85585,"TZA",1.39252097719977
"62857b78-5a92-4863-9bfb-810acb29f74d","000","064",-8.31148,35.39896,"TZA",1.87277048500831
"62d2f78e-4dee-4ef9-8190-f9a1ccdc570e","000","267",-9.34501,32.99359,"TZA",0
"63d1f2d5-9cff-4c2e-84f1-74f5c5ba1f9b","L11","008",-10.09775,34.65068,"TZA",1.11915508815187
"63f648b6-26da-4c0a-a017-92bcd547827d","000","123",-7.6161,34.92639,"TZA",0.949334055941454
"64a56fc9-6b96-4cd4-96b9-ffd8560e0417","L03","007",-7.90614,31.76169,"TZA",0.267554811696139
"65045c66-0b0a-4312-b70f-93cd3fc9b364","000","078",-9.57235,34.88102,"TZA",1.11139994055855
"661114f5-c4db-47d9-803e-ce8a91beb401","000","353",-6.52278,34.96684,"TZA",1.50948890138218
"6709d720-1a14-456c-906e-5146d87fc863","L10","010",-8.53273,34.87798,"TZA",0.867003847120002
"672c4117-1a4a-412c-9935-d7f66255ce5c","000","087",-7.86846,33.6429,"TZA",2.1387571014065
"67d7cf8f-fa40-48a1-a066-17f6d737e475","000","203",-7.66103,38.06803,"TZA",0.0485203026391962
"687a417b-e650-435b-bd68-03613983000f","L11","005",-10.08213,34.6661,"TZA",1.49620792481962
"68967abf-d0fb-4ceb-bd84-126a4374cdab","000","116",-7.67982,34.9304,"TZA",0
"68fe50cd-2a8d-45b6-85c3-9bbf26868605","000","121",-6.74914,36.40931,"TZA",0.954039134066355
"6939e15c-023a-46f3-b2ba-a058b5f25c9d","000","383",-8.82874,34.98938,"TZA",0
"6a1b0082-8aaa-4b12-854b-9f65e2789b79","000","210",-6.47334,36.3836,"TZA",0
"6a79ed68-56a8-4815-b4b4-9dff27b5444b","000","209",-8.34132,38.56881,"TZA",1.74146575718007
"6ae5395d-0d73-4fa6-a914-2ec979563b2b","000","050",-8.40822,36.02075,"TZA",1.21822059456048
"6af0fb20-fe2a-4c77-9caa-0c1b4a841ea6","L10","008",-8.56562,34.82143,"TZA",1.4523632376529
"6b09e10e-f04f-4ffd-97c6-9344ccf69277","000","043",-9.52829,33.48235,"TZA",0.721705560815058
"6bbeb13b-342a-4877-9cf1-961c8d76cd28","000","308",-8.21136,34.93496,"TZA",1.7899321590715
"6c07b6fc-7352-41d1-95b2-4c0249375db2","000","320",-7.16588,38.88182,"TZA",1.87493665906956
"6c1465c4-ff90-4ce6-8021-494d7a8ff204","000","343",-7.08493,38.19616,"TZA",2.61745562238539
"6c3e5b2b-4f2d-4c2c-985c-414161d9f7cc","000","356",-6.55928,38.98936,"TZA",2.04616458892705
"6c644b89-288f-468c-9015-fd31f15a13b7","000","239",-7.58882,31.08279,"TZA",0.438069018113885
"6c92a881-8d99-4b3d-86c4-432b270e7b89","000","094",-9.89783,35.48745,"TZA",1.79120531663069
"6ceb7797-da0b-4a5e-9c29-6030590ca7e8","000","172",-7.77104,35.12319,"TZA",1.62446324474102
"6eefde19-d954-4d4f-9a41-a843930afed5","000","323",-8.15767,36.38192,"TZA",2.72052143245906
"6f11ddf3-85c7-4234-865a-6a3595851b57","000","014",-9.2618,34.778,"TZA",0
"6f49034f-1dec-4cda-8666-3cd80e38e616","000","342",-9.90703,34.65308,"TZA",2.64347056547094
"6f71079c-16b1-4ef9-b5e5-6ebdc5c8d068","L03","007",-7.90614,31.76169,"TZA",0
"6f99a519-c90a-4f56-91fa-18a5147a56e0","L18","004",-7.53917,36.47978,"TZA",1.6534802998294
"709958d9-d059-40af-997f-75a6f4ea582f","L10","001",-8.52961,34.87057,"TZA",1.7821910681784
"70a63e5b-751e-45fa-82c4-b74bbee22612","000","154",-8.74823,34.74998,"TZA",0.821825230079512
"70bd0c17-e845-41bf-b025-eb9ca56ae3dd","L19","003",-8.13451,36.49421,"TZA",0.867518739862955
"71581fc7-b1be-4042-a04f-ad0eb7929c2e","L18","001",-7.56403,36.42006,"TZA",1.42034950407838
"71c1791d-2aae-449e-abfc-619d15797fe2","000","126",-7.4167,35.78046,"TZA",0
"723152b4-f354-45df-aca0-6c834f994e69","000","381",-7.18039,36.81653,"TZA",1.83932600774944
"72aa5522-54ff-4e3f-94c4-37aa6d771255","000","400",-9.23186,35.90522,"TZA",2.29328361008863
"7376acfa-266c-4723-b9c3-4b48951981fa","000","147",-6.78758,37.71189,"TZA",1.25235052896109
"73f78eb9-78f7-4040-9277-425e8d78adf5","000","161",-8.4048,38.60529,"TZA",1.96174953416456
"746782f9-a616-41e3-afa0-278bce3d1dce","000","259",-8.93519,36.78608,"TZA",1.02008128180473
"759745b5-c662-4f2f-9ae6-20f7f7b86533","000","134",-7.76966,31.4713,"TZA",0
"75bfed5c-6c09-472d-998f-cf949a407dad","000","025",-8.47328,35.3131,"TZA",0.211401021220467
"7614716c-529e-42ce-8d92-093f41ab5fc1","000","317",-6.7647,37.3292,"TZA",1.59766932868247
"7645def1-ae2a-4738-a8cf-af5a860d538b","000","089",-6.56743,37.20906,"TZA",2.51412468037024
"76a89b92-9ecc-4051-bde3-d534447837ad","000","141",-7.52108,36.59716,"TZA",1.55772436151554
"76bf3a85-3cc2-4e7a-a207-27f25adb38b5","000","305",-9.12056,32.3622,"TZA",2.04332214278258
"778455e9-a602-477f-ac76-909411f2be44","000","300",-9.20534,33.06084,"TZA",1.68924530995639
"77976f6e-99af-4681-b0bb-46fe8148491e","000","251",-6.8819,37.5722,"TZA",2.02756975052044
"77c7b6ab-8203-49a1-99dc-17b5efe4bed0","000","262",-8.54416,35.16867,"TZA",0
"7811932c-2dee-4c04-baa1-116e1339ffb4","L03","009",-7.95204,31.72056,"TZA",0
"78baeb16-ca75-4fac-ac4c-8125b647cd4e","000","026",-8.48524,36.68894,"TZA",0.449159373002845
"78db5877-3b3a-4b1b-b469-3abc47120f14","000","378",-7.3336,32.79612,"TZA",1.52389555544706
"78e9f084-7208-486c-9663-5b9da0f03d6b","000","064",-8.31148,35.39896,"TZA",1.71373500545594
"791b70d9-0274-4524-98b8-6de37f6dc731","000","030",-9.28446,33.58496,"TZA",0.606602816488349
"793235c5-4ea7-411a-aeb0-70d2683bc8c5","000","155",-8.18781,31.68078,"TZA",0
"7984c59b-45fb-4c7a-ae53-400ab8a5bde9","000","102",-6.4249,35.56799,"TZA",0
"79994be4-bd74-414b-889e-dba83ab0568a","000","052",-7.22225,39.05752,"TZA",2.51083513362254
"7a5f076b-651f-44e2-bf2a-6c54b76d16e3","L03","009",-7.95204,31.72056,"TZA",0
"7a84063b-b231-4bb1-b167-b889ad3d3a55","000","279",-10.32379,34.84805,"TZA",2.34914377824476
"7b7fb1f7-42db-474f-8c44-73ad45f4a068","000","055",-8.85795,36.81192,"TZA",2.36838246977716
"7bad0c69-6d1e-4c7e-880b-196e9a061647","000","166",-7.64663,34.90979,"TZA",0.703761012561402
"7bb0222d-49e3-40c8-9ffc-f80ed5759747","000","211",-6.52924,34.84602,"TZA",0
"7bbe23f3-4626-4a7d-9260-372cf947d032","000","304",-9.09331,34.5961,"TZA",0.698003046342236
"7c917370-ad07-435a-b3cf-f7c26b34cff2","000","368",-7.6841,36.21299,"TZA",2.22931070945971
"7d553914-2c86-4615-85cc-b142277dcdee","000","374",-6.77798,33.65908,"TZA",1.44745568805343
"7f601795-9cbc-471e-8bfe-cfa851654144","000","190",-8.84635,33.58897,"TZA",0.85321546770911
"7faa68bb-d186-4964-bc7d-6196227f2987","000","192",-8.27155,31.99704,"TZA",0
"7fc65532-192c-4022-a233-c78d8321e72b","000","079",-9.31281,34.0951,"TZA",0
"7fdca103-fda5-46ae-89d6-0d75f2034abc","L22","002",-8.13363,38.73132,"TZA",2.16246305324543
"8050c0a9-90ce-4e5e-832e-d03e9a8d84fc","000","266",-8.75599,31.73923,"TZA",0.671722515371975
"805876f6-e16b-4738-a639-d10f298ee0d7","000","041",-7.57499,38.93343,"TZA",1.18539843955403
"80ddf50a-f1a5-4f58-b710-92e1b0bb4d23","000","321",-6.87467,33.4451,"TZA",2.13091860569636
"80f69902-68fc-4548-874c-b4c229fcf8e9","L19","002",-8.09598,36.50402,"TZA",1.84981470193246
"81a525c0-c711-45bf-98e8-a76b53cabb49","000","309",-7.98433,31.23674,"TZA",0
"8433b415-2d02-4e5f-be71-5bfe5f2f53b5","000","035",-8.43861,35.41286,"TZA",1.4202889679733
"844e6685-7cb5-448c-9064-6d84a92782d3","000","132",-8.86466,34.62093,"TZA",2.18845157163078
"84e19617-4502-47fc-a5d2-ad7ef9b705fa","000","244",-5.96732,38.7882,"TZA",1.01592346461461
"852c0a93-9b8a-49cd-a009-3b25e903af61","000","133",-8.73471,34.44044,"TZA",2.12214272858534
"85ac7075-8b53-46a1-b433-6e1579645c39","000","249",-7.29398,35.39581,"TZA",0.818550549802463
"85f8980a-0441-4abe-8af5-a588afdbc689","000","036",-7.17017,39.29621,"TZA",1.94264945660665
"86bdee77-8ce3-43e6-9488-0ff0e202f1c2","000","146",-6.43816,36.58232,"TZA",1.55375334236759
"86fb4c45-8efd-4e2f-aec2-505184fc364e","000","371",-9.74505,34.64752,"TZA",1.34616566367479
"876d2ce4-f779-4c2e-80f0-077480a626d2","000","393",-7.20425,37.27549,"TZA",1.22226692353816
"879b9f22-729b-4011-8636-1985c4836063","000","311",-9.42293,33.49615,"TZA",1.78894738829032
"87b7989c-b1bd-49d5-a6d0-9a0b7dd6ecf3","000","296",-9.06201,32.86949,"TZA",0.203785271084624
"87ec5bf2-640a-407b-9101-216228e50846","L03","008",-7.90446,31.68009,"TZA",0.878481936947628
"884cfa40-7f64-4c5a-9cd9-f2addbf9dfee","000","021",-6.08799,38.15907,"TZA",1.96635386774662
"88698c67-0dab-4aa2-87f1-a6848ba17e1e","000","312",-6.50638,37.23992,"TZA",0.693449479559018
"88acfb05-6014-48cb-8d1e-3343fdd50108","000","171",-8.08193,36.73882,"TZA",2.25721174186918
"89772b90-4d38-4966-8e33-c7292a5a66ef","000","039",-9.68748,35.14598,"TZA",1.44955030819848
"8a503983-af66-4d4d-9520-a6e81363f0aa","000","007",-9.2228,33.60613,"TZA",1.23576259583654
"8bd84036-868c-4f3e-b917-4f010b0eae51","000","233",-7.55865,34.84466,"TZA",1.89431301111707
"8bee06c7-8f41-4a0e-9333-bd0e61d2fc1d","000","260",-7.66988,37.93313,"TZA",1.88946586838008
"8bff68ea-dba7-4b4b-82ca-3da0a2a090fd","000","297",-9.04207,34.77573,"TZA",0
"8c3f1a55-120c-4cad-b95b-69042d8c686f","000","173",-6.50935,38.92786,"TZA",0.823725354161656
"8d677670-5bc8-4f58-9b13-675a04a502b7","000","236",-8.96515,34.02812,"TZA",0
"8d865cb2-1306-4587-b26e-62110b4c134b","000","194",-6.97188,38.71837,"TZA",1.00194725497888
"8e09a6df-e8cd-4d73-8b01-46ae3f8e78ba","000","222",-6.54555,36.53703,"TZA",2.03344231054772
"8ef23e84-a018-43c4-ab5e-46b64f7f12eb","L10","003",-8.50235,34.81208,"TZA",1.58553797710689
"8f022c62-0c54-4f6a-bdaa-c8d046ce2522","000","361",-8.54657,35.0936,"TZA",1.24820224832755
"8f230f64-434d-4e0c-a867-090105fa0a1b","000","135",-6.37511,36.06686,"TZA",0
"8f6cd4fd-3db4-4f50-b20c-a2e4eba4705a","000","221",-8.39914,31.89324,"TZA",0
"903f0aa1-5947-49f8-980c-0021484a46e5","000","385",-7.12414,31.92841,"TZA",2.27615108040214
"90cdf7fb-c3b5-4234-b206-fdd2fedd9ab1","000","345",-8.85334,33.52396,"TZA",0
"92876015-a116-4484-9272-93b2f4eaa18c","L19","006",-8.05512,36.50336,"TZA",2.67099275202099
"934b837f-b571-4b95-a711-f15c26bd8b98","000","069",-8.49474,35.35593,"TZA",0.74301407695495
"93e5483b-d83f-439b-a5e3-526062e1c570","000","241",-9.04965,32.31026,"TZA",0.838049355758816
"94b855c7-b5e0-49c0-b14f-15c410351506","000","137",-7.26689,37.14458,"TZA",0
"960bdfd5-f4d3-4d8b-9e94-cc824d6f0a53","L20","002",-8.57365,34.2739,"TZA",0
"96291e65-3025-426f-ad4a-2c6378bc37b1","000","284",-9.41251,33.21155,"TZA",1.53943612935561
"9681e66d-9f8e-47d6-a84f-98f2a8710d19","000","380",-8.82771,31.73705,"TZA",1.36434324783779
"96c4e27d-2e07-4ec7-9fc2-d48590ec0f7e","000","392",-9.58562,35.17123,"TZA",1.69780372517654
"9727d1b5-ee09-4b6c-9a08-1309702576a5","L19","007",-8.06147,36.5255,"TZA",2.89834323527795
"974a1ad0-6e89-4a20-a329-d73399e688a9","000","019",-8.30661,36.14143,"TZA",0
"983dffc2-da99-4970-85d3-a61e73ee28c1","000","276",-8.9536,33.79866,"TZA",0.580087082020208
"98fb40ff-84ad-48ee-beb9-758201c7630d","000","360",-8.49979,35.17374,"TZA",0.545175563881482
"9935cbb5-15fc-438b-aa73-93d1470b6937","000","108",-6.35234,35.89911,"TZA",0
"9962816b-9333-400e-8199-f6d253715d5a","000","037",-9.27803,33.5092,"TZA",0
"99f6e836-c188-45be-a474-5bea6098525f","000","025",-8.47328,35.3131,"TZA",0.259683010933401
"9a59b927-8972-44b4-9351-e4da9f08862e","000","178",-7.81543,31.79746,"TZA",0.13031166994527
"9ac38e87-6cad-4ab7-b0f9-62a02461bfdd","000","145",-6.53788,39.06949,"TZA",1.83590674881969
"9c7a88d7-3389-4316-a6a6-3f17ecbf6bdb","000","262",-8.54416,35.16867,"TZA",0
"9ccf37ba-fe7d-4793-894b-a586d7e29cae","000","350",-9.36728,33.71566,"TZA",0.119221315056311
"9d0c55be-b004-4a3f-bc7a-ce4deb261f55","000","050",-8.40822,36.02075,"TZA",1.26758071913075
"9dbda20a-87eb-4ca8-8a89-b3390f731191","L10","009",-8.49545,34.8284,"TZA",2.43633356621567
"9de8af09-90a0-4872-bef4-485d6892a6c7","000","045",-9.1733,33.82185,"TZA",0
"9dfd1acb-e3cd-4bf8-baf9-4cfe0d8fbf24","L18","003",-7.5078,36.43707,"TZA",1.59139488418666
"9eb50bda-bb77-4b87-9274-f7d25aedea15","000","274",-8.63119,33.30194,"TZA",2.23587539544143
"9f8f9681-6e2d-4b35-836b-3d450d3bcc23","000","282",-7.71588,30.74852,"TZA",2.02716981460851
"9f8fb054-ca10-4412-b23d-d5fe6513b544","000","354",-8.61078,35.42875,"TZA",1.86613636865748
"9f999946-f96e-4228-a219-cba643bfe890","000","288",-8.22851,31.81111,"TZA",0.612742107614992
"9fd504fd-4758-4f3b-b4c2-85fa718a10e5","000","070",-9.45291,34.77879,"TZA",0.939240709783715
"a0604351-d495-49d6-b27e-4260b579eba0","000","129",-6.5394,35.66148,"TZA",1.01102383536068
"a0d5b03c-27d1-4c95-a322-aa739458bd2d","000","272",-8.54416,35.16867,"TZA",0
"a2af935d-ed1e-4a32-8a74-306c1ee6d9b4","000","259",-8.93519,36.78608,"TZA",0
"a2da6716-623a-4f6b-8e2f-0bedd236dd07","L10","004",-8.55887,34.84796,"TZA",1.7763126308329
"a31fd7fd-d075-4254-ae46-4c205e1cc71c","000","072",-9.25773,33.52345,"TZA",0.59580708956172
"a38d6371-b1dd-4142-be58-500113f115cb","000","164",-7.61573,38.02522,"TZA",0.333933647136599
"a39dddcf-0350-4007-920b-2a6a4aac65eb","000","058",-6.96779,37.54581,"TZA",2.6845488293558
"a3ce78c9-1129-4906-9289-4f37fe88c473","000","247",-7.5712,34.86901,"TZA",1.46526290353533
"a3d1dc61-a5b3-4784-b412-4fd9caad53c2","000","183",-6.72709,35.56269,"TZA",0.352118767724452
"a432d0d5-9455-48d9-9d06-d6799a22a9ed","000","035",-8.43861,35.41086,"TZA",1.34133829364309
"a4ac8068-499d-4bf9-8cc2-23a7d62a2aac","000","280",-7.98207,38.40361,"TZA",1.79268821064302
"a523e0a5-ae35-4ed2-a65d-78be6a741f68","000","139",-7.99065,35.37198,"TZA",0.794507918336728
"a526bbaa-29f8-4588-bc2c-301a0a11b5d9","000","220",-9.44511,33.48784,"TZA",1.93468583041453
"a60ac905-a485-47fb-9828-396235850f51","000","314",-8.64347,35.39596,"TZA",0.0582243631670354
"a790edf7-7a7d-4185-92ec-bc816620d270","000","215",-6.17639,36.88071,"TZA",0
"aa318ebb-04aa-4e40-9d23-8bc7491dab3e","000","117",-6.90678,36.04114,"TZA",0
"aa611b39-6dd3-4882-9028-1d34931ef4f5","000","128",-9.22668,32.765,"TZA",0
"aa81c2dc-551d-42f6-b2cf-5745345eb2ed","000","212",-8.96208,33.12185,"TZA",1.14355244145123
"aabf8a62-e43b-48a4-a98b-c9af985c05dd","L11","012",-10.05808,34.66266,"TZA",1.16943728303684
"abf13ed7-5827-434d-95cf-b0dee4b36103","000","289",-6.56743,37.20906,"TZA",0.882620301280676
"ac5760e0-e51a-43a5-98ee-1783d6992320","000","258",-6.04453,38.24458,"TZA",1.19750180494158
"ad6d4d0d-7b45-4016-a610-6837f31e9ce6","000","301",-8.41609,35.06094,"TZA",1.99707749534332
"add4fa2b-1f69-49bf-baa8-2f19b6bacd82","000","091",-9.02754,34.53326,"TZA",1.37646386435594
"ade3fb9c-6d32-468e-9f8c-f12bd065e06a","000","011",-7.68269,32.64503,"TZA",1.83198152822638
"adee2789-a4bc-4fa9-9626-3be63b9f3da5","000","069",-8.49474,35.35593,"TZA",0.707776459562944
"ae0f2677-aa09-4e0c-ab7a-7722f78a210f","000","270",-7.50542,38.54487,"TZA",2.72614738053986
"ae574c6a-52fb-4294-ae54-ef57736d0c19","000","053",-9.27315,34.01999,"TZA",0.651932920903439
"aebdd56a-37b9-4976-a6cb-be461ff1a912","000","055",-8.85795,36.81192,"TZA",2.35817506435477
"af92766c-c67e-40a6-86b3-81e3bbb35a68","000","204",-8.97129,34.57357,"TZA",0
"afab367e-0688-4eed-bf64-65120452325d","000","224",-8.49044,38.54563,"TZA",0.269579026865173
"afc44f7e-78e5-4c5e-b7ee-de6cc17fe139","000","187",-6.64066,37.97556,"TZA",1.59791895211377
"aff1282e-f354-42bc-8077-6deb3a004391","000","139",-7.99065,35.37198,"TZA",1.38766389601842
"b1350f0b-84e3-43a4-98e9-bf6d977106b7","000","040",-8.80457,35.04401,"TZA",0.873907277428029
"b13a4941-dec5-4936-9f58-683f1c404023","000","291",-8.88323,32.89535,"TZA",1.72168558621399
"b1506d3d-5449-48cc-8b02-ec563a4cecd3","L18","005",-7.50545,36.43531,"TZA",1.67692654984703
"b26770be-619d-461e-a890-d6c5bd872874","000","005",-8.12104,36.48205,"TZA",0.203785271084624
"b364858d-a5b1-4bef-8bdc-137104fcdd4d","000","006",-8.03097,38.85865,"TZA",2.45699202228941
"b3743fe5-6c07-4029-a327-72319cfa495e","000","186",-8.78664,34.34545,"TZA",2.5961179041902
"b3b0e0e4-c2c8-4b70-86b0-00b1a8f04a53","000","107",-8.91908,33.15717,"TZA",0.386776126752449
"b4956759-114b-4567-a8b9-0c716745b9b7","000","067",-6.62109,39.1613,"TZA",0.202398976723504
"b925c365-035d-4dfb-a49c-8dbc84114f83","L19","009",-8.13377,36.48232,"TZA",0.968247221642264
"b98d4be3-d4fc-4328-bd43-28d9c0889a35","L20","008",-8.60747,34.34795,"TZA",0.730362080989181
"ba0d3ccc-b163-4925-92a0-5d7ac21276b7","L03","005",-7.9778,31.69917,"TZA",0
"bbc4b1e2-a7da-42a5-a2d0-3e690e465c38","000","124",-6.34552,36.40135,"TZA",0
"bc86b361-1214-4b2c-809d-f64a8c841f27","000","367",-8.00342,38.56239,"TZA",1.52174043817254
"bd03d4bc-4afd-47a9-bc39-0b803d1ac2e1","000","352",-7.18738,36.4831,"TZA",0
"bd09b976-3adf-4425-912a-4663d45ae2c4","000","336",-9.26075,34.81662,"TZA",0.252219409766047
"bd95620d-b107-4342-94c9-867c0d682b8b","000","398",-8.63916,36.77483,"TZA",2.26404926016656
"bf12710a-dfae-4871-8131-bb4300c25ffd","000","302",-8.25473,35.30546,"TZA",1.80083745260153
"bf63ca07-c443-41d3-8b50-dfdc1c3f0b7f","000","256",-6.47451,38.79835,"TZA",2.2644940252043
"bfa3ebff-5a57-41fd-b15d-f493a1366169","L18","005",-7.50545,36.43531,"TZA",1.60914614873016
"c02d738d-20bc-4154-8e58-f58c9ce6bd66","000","142",-6.44785,36.133,"TZA",1.50574001190405
"c0b5cc4d-4145-4490-8f44-58ae4e940991","000","082",-6.49524,36.81627,"TZA",2.33192535972973
"c13c13ce-f372-4b27-bcdf-b1be37b45037","000","130",-7.04807,35.44677,"TZA",1.49066064544957
"c1541eef-c127-4d7a-9e71-46d5500e7391","000","057",-9.58573,34.57872,"TZA",0.806723636519591
"c1e11aea-185f-47f9-92c5-ec984bd19a3c","000","175",-8.86636,32.75213,"TZA",0.294394110542849
"c1faa4bd-054f-46a6-8219-0d8513c97ecc","000","165",-8.85356,34.59212,"TZA",0.324392880502054
"c30ed183-d1ea-4c39-9cac-dc6732f0f651","L18","010",-7.52129,36.49113,"TZA",1.89040634810841
"c388e269-c16e-4c8d-b189-1941094f224f","000","360",-8.49979,35.17374,"TZA",0.288860888808169
"c406500e-7334-4fd0-8786-09efc6c62ebc","000","056",-7.18901,39.2928,"TZA",1.12464676925108
"c5bbb959-f7c2-4d90-abec-fa9e89ddf8b1","000","163",-9.03371,33.95427,"TZA",0
"c648db94-08d5-4963-88f4-a2f3cf56a8d9","000","016",-8.48524,36.68894,"TZA",0.689644286329005
"c697aa7d-1193-437c-8a7d-95a39565925a","L18","003",-7.5078,36.43707,"TZA",1.45551163003665
"c6f6c6a8-eade-4ca4-8a86-a195fbefc8d8","000","235",-8.2304,34.9987,"TZA",1.02802454227553
"c7217bb9-7b6d-4cb3-b832-70a4988ffd37","L10","006",-8.5436,34.85717,"TZA",2.53634793272478
"c89a7e29-4dae-48b2-a249-4db1acddb5c6","L18","013",-7.55634,36.47957,"TZA",1.44555485105276
"c8bbd644-579a-4965-84b7-961a5fb9a349","000","104",-7.79961,35.6217,"TZA",1.71830776247872
"c9c66b12-0452-4dd6-9d1b-84b45b95af08","000","104",-7.79961,35.6217,"TZA",1.71954840514043
"ca95a700-4ce3-40bb-bb1b-8a0c09120fe3","000","009",-8.13377,36.48232,"TZA",0.478626430145274
"cbb8e06e-3da1-4277-8742-5869683a8b95","000","386",-9.12392,33.44966,"TZA",2.04690639124817
"cc744cbe-e267-4d6e-9818-39cdb9f39e45","000","073",-8.62195,36.53827,"TZA",2.09679329509959
"cc7b5318-2b67-4885-96fe-ce7a1aad30cb","000","254",-6.18749,38.3821,"TZA",0.609969518892752
"cd52edf2-e3a9-45b4-ac15-ffefa284bc82","L03","006",-7.89763,31.69426,"TZA",0.110903548889591
"cd596e89-e034-4d2f-81a5-7ad50a867cf9","L10","005",-8.55047,34.86516,"TZA",1.87570916039828
"ce25547f-acfb-474c-871b-f6ac4a5b728b","L19","013",-8.13921,36.51336,"TZA",0.494907086919801
"ce4664db-cb24-4c83-b78f-56b1895908fe","000","218",-8.59989,33.04161,"TZA",0
"ce5e3c86-38f0-4fc2-b5d9-0c4d6a10cbb7","000","086",-6.48535,38.83002,"TZA",0.0291121815835177
"cec26a0c-8937-4712-869f-2f59ef6daccf","000","119",-7.02345,36.02017,"TZA",0
"cf07b4c7-50b2-4ff9-a5c0-fa6400c2b88a","L03","003",-7.77204,31.75175,"TZA",0
"cfaacd7c-ef4b-45bd-a3e5-7a5aa2b910fd","000","085",-6.49498,38.47907,"TZA",1.48718263171743
"d00c8331-b8c9-4e77-9879-7724baad9635","000","290",-8.07977,31.52459,"TZA",0.176059383862226
"d0268869-d8c8-4c9e-9f47-74152065e6e3","000","015",-9.27222,35.04485,"TZA",0.513698849984063
"d036b25a-6aec-4559-8ff9-46f51a22f765","000","370",-7.64875,38.43179,"TZA",0.66317945321055
"d0db8d41-ce1a-4b29-992a-3127c6926bb4","000","046",-9.30932,33.56699,"TZA",0.0499065970003161
"d199d396-d59a-440f-b848-cfc5b049111b","000","319",-7.65598,36.16859,"TZA",2.76057767602777
"d1dcb623-db2a-4e58-b254-909f2d5f7534","000","339",-7.1144,39.20242,"TZA",0.361822828252291
"d1f643f8-23b2-4004-b80b-6dff8b05cc03","000","065",-8.62266,35.3966,"TZA",0.798876805664133
"d20e5ae5-c7f7-4e86-b8b1-6a1b4173f50a","000","200",-9.36164,32.84072,"TZA",1.74415697948985
"d2b4f5cf-e601-46e9-ada7-14ae5c668665","000","093",-7.68729,33.39487,"TZA",2.12250753972684
"d3e736b3-4e82-4151-b886-a19929a32e56","000","002",-7.98419,39.16511,"TZA",1.53773580699717
"d48eb588-b323-4edd-9155-cdad1a64a422","L19","001",-8.1135,36.55356,"TZA",0.106744665806232
"d49f207f-f455-4884-a2ef-842211235232","000","272",-8.08306,31.3273,"TZA",0.892952886020745
"d4f46683-9e57-4bc5-90bd-5e6d35618e63","000","160",-7.36594,31.36507,"TZA",0.747951340508875
"d6874537-37f1-40db-b925-fe1d5ee4156d","L22","003",-8.13426,38.78228,"TZA",2.42087976447601
"d6f1b89c-26ce-4721-b5dd-2ca9ce310f22","000","059",-8.76425,36.84725,"TZA",0
"d7378842-960b-47bd-9e56-a6803de74c91","000","369",-8.06558,31.28576,"TZA",0
"d7850a2f-e809-4f97-b112-98d5768c0b0d","L22","011",-8.18042,38.78973,"TZA",2.14193169943065
"d7ed921d-452f-4ef9-bf5c-bf732dcdb71e","000","375",-7.17643,33.45024,"TZA",2.26964076769347
"d8764404-1234-4ca7-98a3-d18facfd527f","000","191",-8.08027,36.67016,"TZA",2.12543311342342
"d966b0b2-f87e-4780-b052-32034ee58ee9","000","359",-8.21017,35.41738,"TZA",1.89795554871325
"d984bb3e-8222-4cbe-9439-591ebe3b666d","000","344",-7.10656,32.24222,"TZA",2.37733075275531
"daeb18c4-42f6-4496-9994-868e44f7f523","L19","002",-8.09598,36.50402,"TZA",1.73147634545569
"db111d94-092d-4210-9c86-8782a18e57ae","000","229",-7.43182,30.60464,"TZA",1.40152217762361
"db6c001a-f19d-44ee-b767-c802a670e0bb","000","071",-8.61442,35.43795,"TZA",0.978728568255978
"dbbb4065-7656-44c9-9540-474570a96565","L18","002",-7.50546,36.48734,"TZA",1.50612415524551
"dc1f37aa-c2cb-473f-9723-aaa1d8157279","000","074",-7.32954,39.18711,"TZA",0.364595416974531
"dc3eff37-d438-4e53-b7bd-a9bcb07ae261","000","278",-7.34,32.62149,"TZA",2.25719981961335
"dd7c10b8-ee69-4031-a921-e21edfed5585","000","397",-6.93822,39.45424,"TZA",0.686700051183972
"de6b0e52-0778-4bb0-8122-856b8422b4c4","000","033",-7.35123,39.16653,"TZA",2.28974387181406
"df6f81e8-81e6-4f99-a070-5b86c1e0f4be","000","255",-9.01239,35.66769,"TZA",2.50882582126781
"dfc444a0-ec9e-4cc9-bc00-ebedad588edf","000","322",-9.89343,35.24965,"TZA",0.889689879687169
"dfd3ef4e-7bd2-42fd-941c-1183512c45ce","000","149",-8.4873,37.97366,"TZA",1.42590656417457
"dfe1dfc3-5128-4685-8f45-31277fa006f7","000","318",-9.91049,35.23341,"TZA",0
"e0669033-dbc5-407a-9156-74a9a8af41ac","L18","008",-7.54248,36.42188,"TZA",1.43888278009382
"e0f56b7a-3d01-43ee-9167-e8ff46236e64","L22","008",-8.1132,38.75309,"TZA",2.24747030121207
"e1cfecd5-ff5a-4026-a271-b47e02791671","000","189",-8.51056,32.9453,"TZA",0.421780954890781
"e211ff54-6bd7-4d79-8bd4-d7a06bf60496","000","364",-9.09753,34.72523,"TZA",1.75902324013364
"e2bc9880-a671-45c7-9921-894d2f65fd89","000","299",-8.1289,31.73005,"TZA",1.41279003701301
"e2c16181-1f73-4e7f-ace1-ff802c535e31","L19","001",-8.1135,36.55356,"TZA",0.0609969518892752
"e409c771-df34-4554-9aae-349edd191ad2","L18","008",-7.54248,36.42188,"TZA",1.47894685313235
"e42d56d2-7091-404e-ab86-8749e522a9db","000","152",-9.51836,33.75359,"TZA",0.282804049668458
"e45f0f18-f06b-4236-89e7-f8b7b3ed1853","000","395",-8.28077,32.01751,"TZA",0
"e48485cd-4298-4940-8244-e11a75078c27","L10","009",-8.49545,34.8284,"TZA",2.23451986495331
"e53780eb-3baa-4c09-9e3c-4f4f9acb42f8","000","197",-7.88525,31.84627,"TZA",0.98677269623628
"e6763f4e-bb30-4cd8-86f7-cc4b9d17625b","L20","005",-8.56138,34.35061,"TZA",0
"e6813b08-c508-472b-927a-42b6a92a56e3","000","337",-7.72421,38.55054,"TZA",1.75080100623548
"e6bc8b14-042b-42a1-8101-b43fdb6c1999","000","118",-6.50222,35.84392,"TZA",0
"e6c5fc81-b1d0-4bf4-a696-433651aa8bb2","000","109",-6.90772,38.2883,"TZA",2.04409340766025
"e73fe8de-75a3-4e6d-bbdd-2c861aad016f","000","237",-8.93102,32.54364,"TZA",0
"e82472f7-e55a-4cd0-925f-d4d3b30fbb65","L11","011",-10.07613,34.66179,"TZA",0
"e8c6cf0e-6140-4233-959d-94084d92aecc","000","324",-7.78032,30.77526,"TZA",2.1848704553396
"e9f2a4a3-1afe-47e2-a76f-d9f57e9ac8ad","000","170",-7.91088,31.56579,"TZA",2.12442911796621
"eb25d56b-ed62-431c-bca4-2763c6cd90e6","L11","006",-10.06666,34.66642,"TZA",0
"eb5805d1-4353-4309-8ee9-2109f5341b56","000","065",-8.62266,35.3966,"TZA",0.755745312456951
"eb66e507-db7c-4552-9377-8e01a0644fc1","000","285",-8.49755,31.75339,"TZA",1.71339171942731
"ebcf0e9b-f1a3-4ef1-bb18-63f66c2b7675","L18","006",-7.52016,36.42562,"TZA",1.43837382300555
"ec6595e5-b1fa-44ba-8c6a-2507241f66fa","000","269",-9.13033,32.26629,"TZA",1.79485325918258
"ecf26b95-591d-47c5-ba54-569c29f22aac","000","031",-9.44734,35.01895,"TZA",0.733519271020685
"edece4d8-b6c8-47d4-893d-ca471276eab4","000","148",-7.94726,31.49509,"TZA",0
"ee1f20b4-35c7-4cdf-8ba4-e7f3a177e878","000","255",-9.01239,35.66769,"TZA",2.49618067497754
"ee2b412d-fdd3-4092-874d-44a76e4d37c8","000","277",-7.97558,33.48993,"TZA",1.19108486831401
"ee374e5a-b60d-4eb1-8b7e-7f72c6703f10","000","327",-8.09698,36.59143,"TZA",2.38202593026847
"ef7a5b21-93dc-4806-b554-357e55837036","000","286",-10.25779,34.72544,"TZA",0.605810635809392
"ef9834a6-4361-420b-91dd-cd4da8ba3d72","000","018",-7.32434,39.27767,"TZA",1.6521424483178
"efadad6c-ba15-4a7c-887b-ab6bcd9e9b34","000","219",-8.41558,32.25705,"TZA",0.823864018521056
"efd9a7a8-4d2c-4b8b-8eac-c8901ec89ac0","000","047",-7.19408,39.07363,"TZA",0
"f1779b5e-9d5c-494f-94ec-99b011feb968","000","060",-7.47176,39.138,"TZA",1.04070268781323
"f1801ca1-657f-4827-8a2d-23101dfa4d1e","000","362",-7.67474,32.63108,"TZA",0.687868166025529
"f1bc40a2-4053-45c0-8345-9467e16d465d","000","205",-8.6514,31.91657,"TZA",1.63746918718936
"f298e131-d1a2-4ff1-8cff-37d8d92f01a7","000","068",-8.35578,36.06615,"TZA",2.37606409050048
"f2da3bfd-9c3a-44eb-99bd-52bca46c8bde","000","379",-6.66621,38.14315,"TZA",1.35117618581583
"f35754b9-2b3b-4b72-8c3e-2a0808e588d0","000","221",-8.39914,31.89324,"TZA",0
"f3a85237-1b1e-49b8-98a1-e7c478cafe57","000","131",-7.17609,35.60217,"TZA",0.216770914125279
"f3d53079-a307-4684-8715-df86580d04e9","000","017",-8.40517,35.24714,"TZA",1.53606950233405
"f4d043f0-14bb-4fdc-8263-cec368f010dd","L10","002",-8.50987,34.85099,"TZA",1.27350619538541
"f5c16cb0-0606-446d-9fed-94a9da5c81a0","000","349",-8.48171,31.4999,"TZA",0.967056518879716
"f65d6e10-542c-4593-9a36-b442ffbf68f9","000","158",-6.80763,37.62294,"TZA",0.834892860813192
"f6baa291-9400-4b9d-b79a-9a38a534f4e7","000","261",-6.40898,37.27435,"TZA",0
"f721357f-8366-4234-b401-2563e09600f6","L22","004",-8.12458,38.75103,"TZA",2.6239450478087
"f79df76d-0d53-4290-86e4-ece0f2c19c10","000","044",-9.46014,35.044,"TZA",1.61866714066514
"f961a3ea-f05c-4d9e-b102-4e7570fb12e3","000","206",-6.30801,36.05632,"TZA",0.159423851528787
"f995916e-9808-4ea4-8dda-44f3661eb26b","000","246",-7.92328,32.51482,"TZA",0.650161430139923
"fa0c1ec3-5cb5-4ef3-b917-5c4c2f3fa630","000","201",-8.79846,34.83502,"TZA",1.68587441569803
"fa629948-7d94-4989-9fdf-a1f5dd1fa4f5","000","379",-6.66527,38.14305,"TZA",1.52317886253718
"faa31fe4-eb31-4ab8-97c4-060b358723f6","000","202",-9.15791,32.86854,"TZA",0
"fbd81eb1-4d68-48d6-a56c-8ed5386beb2d","000","207",-6.43097,38.32314,"TZA",1.60293093554046
"fcd93fce-f6fb-483d-b476-b1d3ab26569e","000","099",-8.43852,32.26528,"TZA",0.657581191733387
"fd9d1115-0926-44c0-b439-d6f30763caea","000","096",-7.17733,39.30027,"TZA",2.08224461032435
"fe668167-bf21-4b19-8902-f5b26d00f602","000","038",-8.91455,36.29462,"TZA",0.922657818300916
"ff44df87-ecd5-41b4-8eb8-afbb435797ef","000","334",-7.94799,32.54388,"TZA",1.7653561831442
"ff5aa52b-b951-442a-bf85-c11da41b0320","000","141",-7.52108,36.59716,"TZA",1.46424214087664
"ffa0abd1-b4e1-4cd3-96a9-71c3539a41ef","000","225",-8.70692,34.40927,"TZA",0.78367204245584
"ffe2d486-ac19-4bc4-b539-7816b18cbd10","000","169",-6.68236,36.40362,"TZA",0
"fffb78d3-7676-476a-9701-ae877b6a5ffc","000","105",-7.92936,31.57475,"TZA",1.76562863734056
