"Household.ID","Country","Landscape..","Crops","Permanent.Crops","Livestock.Byproducts","Livestock","Crop.Byproducts"
"13sx7zZ45L7","GHA","L01",676,0,12,213.680555555556,0
"17tw28pAwD3","TZA","L11",1103000,0,24000,49642.8571428571,0
"1aHi48GS6A5","RWA","L03",18500,2000,5000,0,1000
"1AHvfwxYcT6","TZA","L20",2196000,0,32500,138603.968253968,0
"1DKzT4xkSq9","UGA","L03",137000,726000,0,0,0
"1m6QKguDbp4","RWA","L03",10000,210000,24000,120000,152000
"1Mcd53U8Qb4","UGA","L02",504000,1627500,53900,400000,5400
"1tDK7dEA7q4","RWA","L07",41500,5200,2480,0,2500
"1YCu7s1wQ37","UGA","L02",306000,387500,20000,0,0
"1YyZC8Zyxy7","GHA","L03",136,0,10,28.6,0
"25LYWDpsci5","UGA","L07",208000,15000,9000,50666.6666666667,10000
"29hZgxCQpf4","RWA","L03",102000,25500,25000,0,15000
"2AzeKX3Xdj9","RWA","L01",423460,45000,234000,290000,6000
"2GJh9RvP6U3","TZA","L10",324000,10000,7800,0,0
"2JxppdNdy1B","TZA","L11",201000,0,9000,19857.1428571429,0
"2Q7MnSV2oJ5","GHA","L06",2117.8,2320,192,1051.71029816885,0
"2tfKupRSSR9","RWA","L03",313000,900,40000,0,190000
"2tg6ar7zuS5","TZA","L22",540000,0,27000,32069.5970695971,0
"2TsiWCE9wU3","UGA","L02",12000,940000,715000,1550000,0
"2tw7sF6jPB4","TZA","L11",488000,90000,0,0,0
"2w6GUTeKDd","GHA","L03",5930,0,0,0,0
"2zFRVcySNg6","TZA","L18",363100,0,0,268444.444444444,0
"2Zy882qHx74","UGA","L06",1131000,48000,48000,222777.777777778,248000
"3262VdP66d2","GHA","L06",-220,15090,0,43.375,3613.2
"3aT11RTk4H8","RWA","L07",244000,25000,1000,20000,0
"3bdaYKw2CU5","TZA","L11",2586000,0,30000,139285.714285714,0
"3BWtidtw1gB","UGA","L03",68000,0,0,0,5000
"3csKwZMd8vA","UGA","L02",1535200,308000,480000,10529.4708994709,29000
"3eWkuw2PPtA","UGA","L03",495000,54000,24000,120000,0
"3f7GFEXbaK","UGA","L03",50000,246000,0,0,0
"3hzQ4hJNWpA","RWA","L06",1000000,115000,500000,920000,4500
"3oYDbENAuo","GHA","L03",2132,0,10,30,0
"3WbmqA7gbk2","UGA","L01",158800,50000,20000,29142.8571428571,10000
"41YTq8opiW8","TZA","L03",1198000,0,18000,48916.6666666667,0
"43ozar7mLV6","UGA","L03",768500,510000,2100,30000,-3500
"43RqATksCs8","UGA","L06",1696100,510000,120000,239796.296296296,12000
"4aupp5Gqjv6","RWA","L02",302050,36000,0,0,28500
"4DD1mGbS2b6","GHA","L05",5760,5820,0,75,144000
"4FP6ukTTsQ8","TZA","L19",660000,0,0,16962.962962963,0
"4GxE5frHnQ4","UGA","L02",701000,280000,3099,0,0
"4LtjetWmyU6","TZA","L19",50000,0,16000,110888.888888889,0
"4Ltk7eBsFy2","UGA","L06",277500,338000,16000,188981.481481481,600
"4mjZfGs3Aw","UGA","L03",607000,510000,0,0,6100
"4MTsyUHiaX4","UGA","L04",251200,10000,0,0,0
"4NfJeixyr6A","TZA","L22",200000,0,0,0,0
"4TD5PFFKHJ7","GHA","L06",4710,3320,514,1609.95833333333,0
"4uYtGb6q1h5","RWA","L01",185300,186000,92000,135000,0
"4wawPvHomv","UGA","L04",351500,33000,9000,0,0
"4xFbY5oyU82","GHA","L06",-140,0,0,0,0
"4YxLyEvHcr2","UGA","L01",689000,195000,28000,0,0
"51brKTHzvAB","TZA","L11",200000,0,45000,19857.1428571429,0
"52MH5CafZg9","UGA","L04",147000,0,0,0,0
"56esinYPtWB","GHA","L03",2245,0,20,164.3,0
"5a2WfRTPWS2","UGA","L06",788000,1096000,7000,0,14600
"5AjH6QaGU24","RWA","L04",67500,13200,16400,0,0
"5BM4RJvhSqA","UGA","L03",188000,920000,28900,0,0
"5DkfDPaXxW6","RWA","L06",184400,235000,90000,18500,44631.4219114219
"5FTsNB6cw66","RWA","L07",37700,11500,0,0,2600
"5G241XCT6VA","GHA","L03",41185,0,35,264.4,0
"5JcGGbr2Y88","GHA","L03",2822.5,0,7.5,160.8,0
"5oGmpb8QJLA","TZA","L22",2525000,80000,60000,134692.307692308,0
"5R7zjWiS4o","TZA","L03",568000,0,110000,169722.222222222,0
"5rf37agRoT5","GHA","L04",4493.5,860,150,39.7222222222222,0
"5s4t5icCN2","RWA","L03",-25500,0,36000,200000,19250
"5xb8kqgFVh9","GHA","L01",11804.8,0,50,222.75,0
"5xjULrvkzz3","TZA","L18",-452000,0,0,0,0
"5xza3zKCC65","UGA","L02",942700,1343000,476000,0,-500
"65WUiskq7g6","TZA","L20",3855000,0,717000,1328350.79365079,0
"6auvr3dPvX4","TZA","L19",360000,98000,4800,57444.4444444444,0
"6gioKTgu1a9","TZA","L10",485000,0,0,0,0
"6knFhJg33R9","UGA","L04",424000,0,7000,70000,0
"6L8XQ2ivNNB","UGA","L07",118500,560000,65000,0,0
"6NYkNXf4fW6","TZA","L18",2011650,20000,15000,22444.4444444444,0
"6o1LRkbmmy9","GHA","L05",4232,4405,250,1590,0
"6rFDY18oMR9","GHA","L05",8280,8280,15,45,0
"6s9v6agXWi3","TZA","L18",1476000,0,10500,8444.44444444445,0
"6vh1fcZWV2A","RWA","L04",71300,23000,5000,0,4000
"6vK31iR7nAA","TZA","L22",480000,0,0,0,0
"6VtbLtrb1D3","RWA","L04",10400,9000,40000,0,0
"6vZXvHtQdG2","UGA","L06",800000,30000,45000,174490.740740741,0
"6zdLptApzZ2","RWA","L02",269000,30000,30000,30000,0
"73M3dsnzvJ7","TZA","L22",1136000,0,0,36241.7582417582,0
"7GEs4txMBL9","TZA","L18",106500,30000,3000,0,0
"7HuaMEgyTz4","RWA","L02",155000,0,30000,0,0
"7KKdwdFxzG7","GHA","L06",8165,12000,288,1608.25589450656,1800
"7NvFkzHDPpA","TZA","L10",175000,20000,6000,49380.9523809524,0
"7yhK3asbcg8","UGA","L07",290400,261000,11000,32666.6666666667,0
"84Tt3igkks","TZA","L22",270000,0,6000,0,0
"87qeDKg8sj5","GHA","L01",2300,0,358,59.5,0
"8bfdq81qVM8","TZA","L11",399000,0,15000,199571.428571429,0
"8DoKMFq9rv7","RWA","L01",196600,112000,35000,18000,1800
"8jLMpgU7qmA","UGA","L02",31800,290000,3000,120000,8400
"8LgQmjxaed7","RWA","L07",24000,0,30000,0,2500
"8pbKc5jDHS6","TZA","L22",281000,0,45000,25655.6776556777,0
"8QSNRiJbU45","RWA","L07",29000,6500,3000,0,0
"8r9jJ38EDF2","UGA","L01",186500,123000,0,0,0
"8RDtceCXmi7","TZA","L03",825000,20000,120000,114909.722222222,0
"8rMnuSjsKfA","RWA","L07",54800,0,0,0,10000
"8WWivGcFUz5","UGA","L03",2434000,460000,532000,30000,-1000
"9921bP6EeY4","TZA","L18",340000,66000,43200,16888.8888888889,0
"9D4NrgAzDH4","UGA","L07",622000,780000,7000,519648.80952381,0
"9ES5SSTauT6","TZA","L10",73000,25000,0,56071.4285714286,0
"9iKLxLjVu77","UGA","L04",555400,0,40000,0,0
"9M4qT2DMJj","GHA","L04",5420,5620,80,1615.27777777778,0
"9P8HkL34az2","UGA","L02",707600,55000,105000,1883288.41269841,7000
"9s7aPD8ZRh7","RWA","L07",371000,286000,57000,364000,5200
"9upFZJLCfM2","RWA","L01",123930,0,193400,320000,0
"9uri5wypzL4","TZA","L22",794000,0,15000,70553.1135531136,0
"9WWgnSHHAA6","TZA","L03",155000,20000,64000,17916.6666666667,0
"9yvw1XWDNpA","RWA","L07",21650,3300,3000,0,0
"A4HX8ZvF3a8","TZA","L22",150000,0,0,0,0
"a77UhCZgDh2","TZA","L19",7545000,90000,14000,210888.888888889,0
"aANwrQbMsa3","UGA","L01",889200,135000,16000,29571.4285714286,0
"aC1Yp9Vbbb9","GHA","L02",11887,0,50,0,0
"ACtMM9ksKX9","RWA","L06",100300,46950,5000,0,19507.8554778555
"aDnodjimek6","RWA","L01",46100,11000,68000,165000,5800
"aEPhhDYMsKA","GHA","L01",1692,0,2.5,0,0
"aFuKnt435e8","TZA","L19",2740000,500000,0,269629.62962963,0
"Ag8CWapFXT9","RWA","L01",518700,154000,164000,0,12498
"ah2mXHfB7w4","RWA","L07",22700,3560,4000,0,0
"AKMWbrcHqo7","GHA","L04",-18,0,0,0,0
"akR9WC1ESX","UGA","L04",1247300,0,210000,0,1400
"am7bPMj2uA","RWA","L02",839400,0,20000,0,0
"An4VyekaKi6","TZA","L22",393600,0,19200,14413.9194139194,0
"aNYTfhJUuk9","TZA","L19",4446000,0,4800,8481.48148148148,0
"AoyYjSvsgJA","RWA","L02",81500,23000,10000,0,1760
"ArjKWQXjiQ2","GHA","L02",532,0,0,32.4847222222222,0
"arUegScQDF9","GHA","L02",8880,0,80,1244.08055555556,0
"AVbrhtAbDP5","RWA","L04",311950,387252,30000,220000,11000
"AvkkCXoYrg8","RWA","L06",106000,94000,18500,25000,107315.710955711
"Az5BDLdFCQB","RWA","L02",365000,0,45000,0,0
"AZbZLMWXXU5","GHA","L04",-1715,200,3750,3653.33333333333,0
"B77fdVMrcbB","UGA","L02",289000,470000,1229000,1552647.35449735,0
"B7g3YrTCTUB","TZA","L19",150000,90000,0,0,0
"B8yvkFk2DJ5","RWA","L03",50000,78500,4500,12000,50000
"bbQXrXaEo96","TZA","L10",105000,0,8000,18690.4761904762,0
"BcLx8GwEyf5","TZA","L19",536000,200000,0,141777.777777778,0
"bdXeZG9z586","RWA","L04",131020,309000,208000,480000,3800
"BiwTi7hdY7","UGA","L03",114400,145000,3000,30000,0
"BNLAgvK3aCA","GHA","L02",3054,0,0,937.958333333333,0
"bnNcJ3bknL7","GHA","L01",2734,0,0,286.25,0
"BP6YrbuDcL","TZA","L22",1732000,40000,63000,115450.549450549,0
"Br9y98ZGdk8","TZA","L10",290000,0,72000,49035.7142857143,0
"BrVjLcZwqr3","RWA","L06",467950,426650,50750,20000,89447.1328671329
"bsDhjVrvZ8B","RWA","L03",177500,131500,9000,0,0
"bUbW5XZNtd3","UGA","L02",62000,230000,10000,0,0
"bvFDUPT6cv8","GHA","L03",3275,0,59,171.5,0
"BVUEfqZQ6KA","TZA","L22",619000,0,60000,128278.388278388,0
"bW7iZTf8uW7","RWA","L01",148000,4000,50000,60000,10500
"BwcbgH6pxh9","GHA","L06",-100,0,32,320.793631502188,0
"BXfxdbawNd8","TZA","L11",210000,0,0,0,0
"c2cooWnTEh2","RWA","L06",107000,13000,28120,24000,26700
"C3b2zHKsNU3","RWA","L07",69600,80000,4000,0,0
"c4ZGhkt4uq2","GHA","L06",1034,1320,0.5,0,0
"C56aeDFWPa7","RWA","L07",187550,20000,6000,0,13000
"C7yu9JZpZ96","GHA","L03",-224,0,50,980.766666666667,0
"c8oh3AnL1P","UGA","L02",18000,345000,8000,0,0
"CGeuGzTDPV5","RWA","L06",269200,437600,60000,225000,20000
"ciQdXdUfHV6","TZA","L20",42500,0,0,0,0
"ckvwCyqWX59","TZA","L11",138500,155000,15000,0,0
"CLcgNTsm4y7","UGA","L03",3459000,1594500,27000,285000,1600
"CnNmmWuhuE4","TZA","L11",224000,0,9000,9928.57142857143,0
"CnrK9APvaT4","RWA","L07",17800,1500,2000,0,7500
"cQsxahQ8sm8","RWA","L07",10060,1600,30000,15000,0
"CR6uc2DJjF2","UGA","L01",1219500,440000,12000,103285.714285714,10000
"cSN6zpcALp9","GHA","L02",4739,0,74,614.328373015873,0
"CTRQQXCQTVB","GHA","L06",-163,1000,480,1128.63875384865,21240
"cTxbn5tVsdA","UGA","L07",371000,25000,8000,20666.6666666667,0
"cuVuG6WmhC5","RWA","L04",152100,0,1400,46000,8000
"CW2n61MumoA","UGA","L04",125000,0,5000,0,0
"CxdDadFVXS7","RWA","L01",347950,192000,28000,74500,6500
"CxMdVRz4Fo","GHA","L04",2110,0,0,224.166666666667,0
"cZWWUyRwuTA","RWA","L01",700300,200200,220000,356000,3000
"D3dra7efrt6","UGA","L01",574000,56000,12000,29571.4285714286,0
"D3k4R1hEUdA","UGA","L02",177800,120000,9099,55529.4708994709,1700
"d4TMBLeBJr2","GHA","L02",3789,0,10,119.080555555556,0
"d77n4FzyP99","RWA","L02",110900,0,40000,120000,0
"DEfS8gcomk3","RWA","L02",69600,2000,10000,12000,6300
"dFX9VzkXhCA","TZA","L03",234000,0,0,0,0
"dmUnjxva8t4","UGA","L06",1420000,108600,60000,223472.222222222,81600
"dQNLmp8vbx7","GHA","L01",696,0,0,0,0
"DRwp2xk3gPB","RWA","L03",503050,15000,14000,0,20000
"dSafpBy1bV9","GHA","L04",210,0,0,198.611111111111,0
"dtBzhqj3kQA","TZA","L10",152000,0,6000,38690.4761904762,0
"DUyLNfXcu24","UGA","L01",333600,352000,16000,0,0
"dVN9QRTY6b4","RWA","L06",371900,50000,24000,0,49539.2773892774
"dVULAjf4W89","GHA","L01",369,0,10,84.25,0
"Dw3Ud994KTB","UGA","L04",440000,4500,7000,0,0
"dWWPvz9La34","GHA","L03",1332,0,0,0,0
"DybB4C7m1V6","RWA","L03",89000,85700,4000,28000,2000
"dyd2EZBuR66","TZA","L18",457000,0,0,136888.888888889,0
"e2RyT8u9Vs5","RWA","L01",18600,0,155000,200000,2550
"E3EGXT3BJS5","GHA","L06",900,0,28,428.916666666667,0
"e3YsHqYkYK6","RWA","L06",582900,450000,45000,15000,83493.2051282051
"e4zTqWoHTi","GHA","L01",7600,0,5,190,0
"e7KZhetzbx","TZA","L03",240000,0,0,27000,0
"E9xodbJqWb8","UGA","L07",56000,0,4000,0,0
"ea6XKQhZyd3","UGA","L02",119000,2960000,377000,450000,0
"EAdeyuGhu85","GHA","L01",186,0,4,189.430555555556,0
"eaQik5x8C35","GHA","L03",9278,0,25,57.2,0
"eBi2TWWBfPA","TZA","L11",210000,10000,20000,9928.57142857143,0
"EhEwHyqcgE7","TZA","L20",820000,0,0,0,0
"EhXFcHgzLr8","RWA","L07",74500,28000,53000,150000,13000
"EJpjhf8ixG7","RWA","L04",42940,14000,14000,15000,0
"EmjTzkKPcK4","GHA","L01",-880,0,0,6000,0
"EnufChhcvN6","TZA","L20",2871000,0,30000,74935.1851851852,0
"EQM92niTjw","UGA","L07",140000,0,10000,50666.6666666667,0
"EQUQxBxxA28","UGA","L01",346000,160000,16000,54571.4285714286,0
"ERzfUDJvVr5","TZA","L11",425500,0,15000,139714.285714286,0
"eSXVTUZDKD3","RWA","L03",584900,114500,15000,45000,2000
"ev9j4bGtBTB","GHA","L04",1175,0,150,587.638888888889,0
"eVbuv11Jya9","RWA","L01",387000,67800,96000,207500,5000
"EXzXQD4FSm3","RWA","L03",75200,0,0,0,0
"eYyzj3xgGn8","GHA","L06",-60,0,10,57.8333333333333,0
"eZcn1r4ZHQA","UGA","L07",228000,0,0,0,1200
"eze6AQDVxQ4","GHA","L04",1215,2120,0,39.7222222222222,580
"f52oa28ri63","UGA","L06",481200,40000,10000,274694.444444444,58500
"F6gmnrrGL93","UGA","L01",452000,30000,144000,72857.1428571429,36000
"FcfWcnPR1A6","GHA","L01",282,0,10,0,0
"FEggU1cWz95","GHA","L05",-490,2750,0,0,0
"fHLhUbHi259","RWA","L02",61000,0,5000,40000,3000
"fiLpRcMBzoA","RWA","L06",107000,37500,10000,0,1400
"FiycRUoeZh","UGA","L07",155000,30000,10500,1193000,4000
"fkisAfkhBS2","GHA","L02",48,0,0,2400,0
"fKYGZhSCHi5","TZA","L18",985000,0,60000,56888.8888888889,0
"fL32p1TYNb8","RWA","L03",120000,244000,15000,28000,6000
"fMF9APviXm9","TZA","L11",2142000,50020,12600,29785.7142857143,0
"FnGwGBNbLj6","UGA","L06",3185000,1504000,120000,2893648.14814815,12000
"fqBewDc4e89","UGA","L01",262500,76500,14000,0,0
"fSLig1NkSU7","RWA","L01",75250,6240,25000,0,0
"fss8vTYFEz2","TZA","L22",410000,0,36000,350805.860805861,0
"FtidgPbhow5","RWA","L02",9900,0,1500,0,4000
"fUSEvjoZCe","TZA","L19",400000,25000,6300,44444.4444444444,0
"fUwjdZnv1x2","UGA","L06",942000,265000,15000,304287.037037037,60000
"fvoTDbKYuW5","UGA","L03",180000,607000,900,15000,0
"fxSB64jdaSA","TZA","L22",135200,0,15000,43655.6776556777,0
"fYfZbzp5Nv8","UGA","L02",37000,1200000,28400,926058.941798942,7500
"FYM9NczMwv9","GHA","L05",80,0,0,0,0
"fyW9nSiREpA","GHA","L05",-345,180,0,0,0
"fzVneyP9Mg7","RWA","L04",48900,0,15000,0,0
"g2ZqebmF5z8","TZA","L10",379500,0,0,0,0
"G8pqkT9RvZB","TZA","L20",1392000,0,350000,1930474.07407407,0
"GAwYHaSgWn8","GHA","L06",960,0,0,240,0
"GBGa6M3rbd3","RWA","L01",306080,39900,90000,50000,7000
"GDXUCUdQZB6","GHA","L03",320,0,43,30,0
"GEgBv7HAf68","GHA","L01",5350,0,48,452,0
"gEi4dQZTGjA","GHA","L02",12645,8030,100,-250.47380952381,0
"GEpVmB1chZ","UGA","L04",315000,0,0,0,0
"gggGZ6AgZ6A","GHA","L05",3550,1800,50,90,0
"ggHPuVorAC2","UGA","L07",50000,1603000,0,0,0
"GJymWVjaQVB","RWA","L04",94600,15000,165000,269000,6000
"GLaBCfmRHT9","GHA","L02",1190,0,0,14.9694444444444,0
"go6Ch5Km3k7","GHA","L02",6772,0,25,124.019444444444,0
"Goj6tydZtp2","TZA","L03",2279000,0,90000,20916.6666666667,0
"GPDYh6MvUT3","UGA","L04",301000,3000,3000,80000,0
"GPMVX5tyrx4","GHA","L03",3882,0,0,0,0
"gpPmZSQZXY5","TZA","L19",360000,235000,49200,0,0
"Gr3yWAqnod7","UGA","L06",2825000,30000,100000,732564.814814815,48000
"gRQgL3UsPb6","GHA","L04",2267,2513,15,1104.44444444444,2446.06666666667
"gtdvY5R76A5","RWA","L04",18200,14500,21000,0,0
"gUGmee9jeJA","TZA","L11",401000,0,12000,59785.7142857143,0
"gULVGjZq1b6","TZA","L10",630000,10000,0,56071.4285714286,0
"GuUwLgiijo2","UGA","L02",75000,655000,84600,0,0
"GV2SBh2drm7","TZA","L19",1579000,0,54000,77851.8518518519,0
"gVnZfUnJ4V","UGA","L01",988000,85000,251000,354571.428571429,10000
"gvW2UAieds2","RWA","L01",153200,0,94000,180000,1800
"GwMi53segV4","UGA","L02",185000,1020000,25000,1111588.41269841,3000
"GZButysJgS4","TZA","L18",952000,0,0,0,0
"h2NJwtqVTd2","UGA","L06",1178000,1012000,131000,191888.888888889,0
"H4YdiXt5cz3","RWA","L06",192000,121500,84100,26100,36000
"h5hVCQ5GHc2","UGA","L03",500000,919500,1204000,180000,0
"h7GgmuPVUH3","GHA","L06",-20,0,32,43.375,0
"h9yzMoqrEr7","GHA","L02",2837,0,15,29.9388888888889,0
"HbRbhAKMLv3","RWA","L06",486000,190000,55000,0,29000
"hfEUg9n1AW4","TZA","L03",795000,0,30000,123722.222222222,0
"hFv6mHJEwd5","UGA","L06",3231000,125000,20000,319592.592592593,35000
"HGnHsWKAkp3","TZA","L18",-15000,0,300000,1590000,0
"hiJdT15von9","UGA","L02",191600,410000,8000,0,400
"HJ9K9FonFCA","GHA","L04",2076,2544,0,79.4444444444444,0
"HK4BRArXjD6","GHA","L02",9426,0,18,767.445833333333,0
"HLCLDYcEQF2","UGA","L03",587500,690000,180500,45000,5100
"hnZo2CxSp92","UGA","L04",1419000,39000,0,190000,5100
"HPHgA99tPJA","TZA","L20",3940000,0,1692000,746407.407407407,0
"HqDbz9qjXL","GHA","L05",2250,7200,144,810,1800
"hrKn2nuXSs9","GHA","L06",-272,0,0,0,0
"HWkzcSXQNG2","TZA","L18",-18000,0,48000,750000,0
"hwqvpwm7Wz7","TZA","L03",1170000,0,90000,147833.333333333,0
"HWUQqfGSi37","UGA","L02",195750,1337700,27000,21058.9417989418,0
"hXCHXcG2W46","RWA","L04",89300,0,31620,240000,0
"hy4613HYBr3","GHA","L01",1384,0,30,0,0
"HYK4pqongQ7","GHA","L03",3392.5,0,0,857.2,0
"hyWdWQ552X7","UGA","L01",297000,345500,12000,0,0
"i2ZRSY65p48","TZA","L22",906000,0,15000,145450.549450549,0
"i5k7QWkLJw8","UGA","L06",1420000,1322000,12000,219833.333333333,0
"i6gRP4KTv4B","TZA","L11",45000,0,0,0,0
"iGeYWScB9G8","RWA","L02",189200,0,67200,80500,11500
"ignYVcEWdh6","GHA","L03",4870,0,150,485.9,0
"iLvTEBAQTN6","UGA","L04",5122000,480000,252000,2700000,22500
"io6UuTdM1Q3","RWA","L04",87300,0,25000,140000,0
"iR5ETCSgpV5","GHA","L06",-40,0,10.4,377.833333333333,0
"iRjEJTUQTW4","TZA","L20",1455000,0,0,49000,0
"iRtxUHTRGi2","RWA","L04",140000,14400,0,0,0
"iV8EbG17vX2","RWA","L04",63000,0,0,0,0
"j18hwWBcwh5","TZA","L03",48000,20000,0,20916.6666666667,0
"J2FX8wXV8S9","RWA","L03",22000,12000,31400,0,6000
"j3meptUjcsA","RWA","L07",39150,13200,800,0,0
"J4NQk5mWMXA","UGA","L07",174500,0,0,0,0
"j5dyUZUjo25","TZA","L10",178500,24000,6000,50000,0
"JADsmRVzNUA","TZA","L11",165000,0,48000,129785.714285714,0
"JbsDyyJEsp2","TZA","L20",816000,0,1125000,1454601.85185185,0
"jCvYgt72fP4","GHA","L06",2040,0,55,232.793631502188,0
"JdnGCqPhcWB","TZA","L03",926000,20000,8000,34861.1111111111,0
"jDuNCdZs246","RWA","L04",138120,0,2100,-2000,0
"jHTSofjuPJ7","RWA","L04",62500,10000,10000,0,4000
"JiVbXhqxqD2","UGA","L06",755000,208000,12000,0,1000
"jiVQaMk2ZR","TZA","L19",2604000,690000,0,0,0
"JM2DWViH8L8","RWA","L04",54150,9600,6000,0,2100
"Jm8YLfzpoy5","UGA","L06",1641400,70000,6000,268814.814814815,7500
"joFqVCsb215","GHA","L06",390,0,0,28.9166666666667,0
"jqEwCxargT5","GHA","L06",-200,3600,5,143.876964835521,0
"jQRmJu3n453","RWA","L06",443000,303000,180000,279000,136815.710955711
"jR5EnTkAqM3","GHA","L01",1535,0,9.6,380.375,0
"JsGWt7k9dz2","GHA","L05",290,0,0,0,0
"JsmhauRP8E9","TZA","L18",420000,15000,45000,42222.2222222222,0
"jspz3eC2TW3","UGA","L06",177500,400000,28000,184490.740740741,0
"jsuqiyHhZp3","UGA","L07",551000,0,15000,30333.3333333333,4000
"Jsv9PkxATh9","GHA","L06",-1781,0,160,-13271.9401839248,0
"jT3NCQFGuW8","RWA","L04",90300,4200,75000,24000,0
"jVAvmnH4bS6","GHA","L05",4049,4125,16,400,0
"JYjBoTCdte4","RWA","L06",138400,239000,33200,0,13823.5664335664
"K28KewnXpk2","UGA","L03",474100,999000,131300,0,0
"K5Z7A224KK7","GHA","L03",-364,0,50,207.2,0
"k6Z9D2Z16q9","UGA","L03",722000,2650000,501500,45000,-1000
"K7cFANftUD3","GHA","L06",-96,0,0,0,0
"k8Wj9vHnf53","UGA","L07",353000,175000,28800,0,1000
"k8zEL6BmKHB","GHA","L01",210,0,30,0,0
"kAKQZBMLkGA","UGA","L06",1826000,90000,4800,279796.296296296,4800
"KaNq8vjzJV5","GHA","L04",3720.8,1600,8,59.5833333333333,4400
"kAym5mCCtcB","UGA","L07",275000,93700,0,17333.3333333333,0
"kDWcVHqaaf2","TZA","L19",5630000,0,12000,527222.222222222,0
"KeAxwek3yC4","TZA","L19",700000,0,0,0,0
"KeSq3y3A1h4","RWA","L01",111850,7800,40000,118500,4600
"Kg7uwpdD4P5","RWA","L07",60510,79000,1800,2500,12500
"kJPFgVkrzr8","UGA","L06",632000,0,0,0,6500
"kjuUHkF5wTB","TZA","L03",70000,0,0,0,0
"kKLu4qgLM62","RWA","L06",79850,74500,6000,20000,0
"KkYJfxvuWf6","TZA","L03",114000,0,30000,504583.333333333,0
"kLYaJ3DYGC7","GHA","L03",3508,0,35,856.2,0
"KoKjL6iByr6","GHA","L01",250,0,5,0,0
"Kq42xQGSvu4","UGA","L04",953600,0,10000,12056.0173160173,1000
"kqzsJGqsJH5","TZA","L11",1190000,90000,60000,599285.714285714,0
"KqZvf5fBTQ7","TZA","L10",185000,10000,0,38690.4761904762,0
"kRcrpHwnrk4","TZA","L10",52000,3000,10000,15000,0
"KSchTBWs2p7","GHA","L01",915,0,286.66,750.277777777778,0
"Kte7LVWAkq7","GHA","L03",5798,0,0,0,0
"ktUuHHCU1Q5","TZA","L11",311500,0,540000,780000,0
"KWsyirYykp","TZA","L18",201000,0,0,0,0
"kwtgXoW7Ei8","RWA","L03",239000,117000,25000,20000,6000
"kxErk1sYmQB","RWA","L06",346250,172500,80000,658000,3600
"KyapRja3Pi6","TZA","L03",155000,0,15000,22000,0
"KYf3aU1imH5","TZA","L03",195500,0,150000,838000,0
"kyXkjdQuZSA","UGA","L01",708000,126000,10000,610000,0
"L3z2GfyVdH5","UGA","L03",1460000,810000,60000,300000,0
"L8vM1Pqk5B6","UGA","L06",2070000,255000,540000,223472.222222222,135000
"LAqtBPvPxy","UGA","L03",1575500,266500,27000,240000,95000
"LcDR4MVNrw","GHA","L02",2856,0,75,0,0
"LeYiNjAjKi2","GHA","L06",8818,0,29,0,3000
"LEzTDqKV6f3","UGA","L04",370000,400000,30000,-50000,0
"LFwa12jnrL2","GHA","L05",21960,10980,0,0,0
"Lka6n6s87G","RWA","L06",170700,42600,7600,0,13700
"LmNxHx7ukq2","TZA","L10",144000,0,32000,0,0
"LMzw8JsSze","GHA","L04",187,0,0,0,0
"Lsy3YMkKGP2","UGA","L01",1363500,326000,0,0,0
"LwsCZHjGPqA","TZA","L10",380000,0,828000,46726.1904761905,0
"LXeBkVStet6","UGA","L03",268000,565000,0,0,0
"Ly7CbRbwGm9","GHA","L05",-40,0,0,0,0
"LZ29vrnear2","RWA","L02",1543100,0,300000,-20000,8000
"m2R4hghXWD6","TZA","L19",200000,220000,0,0,0
"m6KCw7ZxQ47","RWA","L01",144070,0,60000,0,0
"M8qxpz4tTs2","RWA","L04",183500,7500,96000,0,0
"mBXHuSst1y6","UGA","L04",180500,40000,0,0,2400
"Mc7EjdDK3M3","UGA","L04",1629000,124900,0,0,0
"McAcYh2ZV69","TZA","L03",577000,0,0,13944.4444444444,0
"MdadqCNEiL","GHA","L02",15715,0,45,195.676388888889,0
"mDLfcyhvBu","RWA","L01",162410,36000,246000,15000,83.3333333333333
"mdqRMX9AQF6","TZA","L20",350000,0,0,0,0
"mE3oDzqBqu4","RWA","L07",213200,116000,5600,82600,13000
"Mf1iaj3mXF6","TZA","L19",944000,1025000,0,0,0
"MFMymqGXjf8","GHA","L02",9983,0,0,0,0
"MG8Mg2FAfw4","TZA","L22",713000,0,15000,76967.032967033,0
"mhGSC5qMs53","RWA","L02",223300,0,0,0,20000
"mjcdtjVVCA6","UGA","L07",1057500,100000,760000,1381000,10000
"mKsBRiEXdL6","GHA","L05",2061,2370,35,105,0
"MLdLHWK2Qr","TZA","L03",67000,9200,0,0,0
"MmsqX496Yo9","TZA","L18",1253000,14000,16000,16888.8888888889,0
"mpqcPSFDpCB","UGA","L06",1543000,65000,36099,0,6500
"Mq9anduKdR9","RWA","L02",580000,20000,0,0,0
"MqCGGaKzuz2","TZA","L19",1140000,160000,12000,33925.9259259259,0
"MsBreaQuEcA","RWA","L01",61300,48300,53000,70000,2800
"MScBRdzkSi4","RWA","L07",15500,14500,1500,0,2500
"mSfzhnwYib5","UGA","L01",234700,60000,0,0,0
"mUFTDYR9Aj","TZA","L19",400000,688000,480000,25444.4444444444,0
"mWbvKsGPM14","TZA","L10",277000,50000,30000,146797.619047619,0
"MxhdeDaZTa9","RWA","L02",506900,0,77000,17000,22000
"mZbBzdZE8P5","TZA","L20",3599000,0,1444000,33974.0740740741,0
"mzUJUxpe7c4","TZA","L22",495000,0,0,0,0
"N1YUZvnVaG5","TZA","L10",586000,0,0,0,0
"n3hCRp3nTfB","GHA","L01",204,0,0,0,0
"n4TwADF35","UGA","L04",1770000,12000,7000,35000,0
"N5cedWi9F35","TZA","L03",808000,0,1008000,7382502,0
"N9o6jRf3hy3","UGA","L07",94000,0,9600,70982.1428571429,0
"nD93MDvRgs2","TZA","L22",90600,0,0,12827.8388278388,0
"nEEs7UdXKf6","TZA","L11",249000,0,32000,137571.428571429,0
"nf2b6XaXDy3","UGA","L07",266000,271400,7000,40000,0
"nG6geyTvwq7","UGA","L03",104000,665000,8000,45000,0
"njfYPSwX6c8","GHA","L01",380,0,40,0,0
"nkB43h7a3u6","RWA","L02",219000,0,87000,50000,80000
"nkZFomM6JN2","RWA","L07",108000,164000,1200,0,1500
"nLAqDVxLW42","GHA","L03",20678,0,0,0,0
"nMVazETomT7","RWA","L01",442550,52000,19500,200,0
"nMZQwMPqKU4","GHA","L05",0,0,0,0,0
"NNkYVQpfzGB","TZA","L03",69500,55000,95000,271993.055555556,0
"NnrfSQy1dmA","TZA","L19",45000,65000,0,0,0
"nny1kAHD1A6","RWA","L06",291200,247500,236000,590000,205000
"NpBRQomLNX3","RWA","L06",190600,276000,69000,495000,0
"NpVRwZSF9A9","RWA","L06",446800,268900,36000,520000,98525.6876456876
"Nq4M7PWJPS","RWA","L01",230550,14000,140600,208800,3000
"NqtNJxp3qaB","GHA","L04",-72,0,0,0,0
"NqznyHy6N16","RWA","L07",18800,4300,3000,0,5000
"Nt5ok1nPNM7","TZA","L03",644200,3000,48000,13944.4444444444,0
"nUikVE2njA5","RWA","L04",146100,8000,0,0,3300
"Ny58V5eghz7","GHA","L02",11600,0,200,9.96944444444445,0
"nYHDrtr9BkA","GHA","L06",-387,0,0,200,0
"nZ3uwA7syq7","TZA","L10",170000,50000,15000,46726.1904761905,0
"NZwEq9cA5VB","GHA","L02",8091,0,75,2853.19166666667,0
"o1aKSCrDRMB","GHA","L05",1818,5499,25,105,0
"o1P6K2wcxu7","GHA","L05",1552,2880,0,0,880
"ob6Go1epkY4","RWA","L07",54400,12000,17400,0,3120
"oGAiiS5KTH6","GHA","L03",8505,0,17,42.9,0
"oimuabaAoj4","UGA","L03",1720700,2644000,5965000,2115000,0
"oJSmP1FYvbB","GHA","L02",594,0,0,0,0
"ome4ka94t7","UGA","L01",206000,88500,13500,0,0
"onVKoJG2AfA","TZA","L03",272000,0,63000,247888.888888889,0
"onwJq3WmHg2","TZA","L18",360000,0,0,0,0
"oSahYBywkW2","RWA","L03",33500,15000,14000,12000,0
"p5n6hjGyeL","TZA","L10",450000,0,24800,119380.952380952,0
"P6yZhzEGVc6","GHA","L04",-390,0,0,0,0
"p7HQJGp7P14","UGA","L02",307000,604000,253800,0,0
"pAiSMicbJb9","TZA","L20",2990000,0,2660000,131896.296296296,0
"pcKda2i8vd5","TZA","L19",1045000,0,10000,41444.4444444444,0
"pdf1PrAkhV","GHA","L05",2364,4200,0,0,0
"pEa2FhYEyQ2","GHA","L02",307.5,0,25,497.180555555556,0
"pfmDHWctSE3","UGA","L03",640100,432000,6000,30000,500
"PGN47oqwcT6","RWA","L06",319800,302000,30000,253000,6305.4358974359
"phfDZ3p9QE5","GHA","L03",6230,0,50,0,0
"piP7A67YkU7","TZA","L11",790000,0,0,50000,0
"pKpxx6da5u6","GHA","L04",2505.5,2825.5,100,99.3055555555556,3400
"pMDUa1EHvb","UGA","L06",875000,360000,60000,154712.962962963,41000
"PpJDFyaTPe6","GHA","L05",17510,17050,0,0,0
"PrddN7Eh7v3","TZA","L20",112500,0,37500,50000,0
"PuLRmEWBe78","TZA","L20",5164000,0,0,0,0
"PXb5NT8y8n6","GHA","L01",1893,0,32,470,0
"pxqThuNPrG","TZA","L20",6088000,0,120000,341201.322751323,0
"PxqUsT3Kg39","UGA","L07",6000,30000,45000,28333.3333333333,10000
"pYrS9Lnoio5","RWA","L06",146500,44750,80000,100000,29631.4219114219
"PZ5Q2bVsEX8","TZA","L10",320000,0,11100,94380.9523809524,0
"Q12jo3rceY8","UGA","L02",7500,160000,0,0,0
"Q6XjbVrPyy9","TZA","L22",1200000,0,30000,126622.710622711,0
"qaB9PRByhQ7","GHA","L03",24640,0,150,284.333333333333,0
"qAcLcu8zBx5","GHA","L04",0,0,0,0,0
"Qapm2uWHFt5","TZA","L22",420000,190000,60000,102069.597069597,0
"qBummgzDBd8","TZA","L10",88500,0,0,0,0
"QFh29fHsCvA","GHA","L05",17870,34063,150,905,0
"qG2u89ePnM3","GHA","L01",262,0,50,0,0
"qGGstvM2E46","UGA","L07",194000,0,23500,326315.476190476,0
"qie8QYVB3s6","GHA","L04",-170,0,0,59.5833333333333,0
"QJMME7KeMn","UGA","L02",260500,1025000,15000,30000,0
"qKTwmCQoWz5","TZA","L22",0,0,18000,268278.388278388,0
"QLDaeeq1A6A","RWA","L06",382300,327600,43200,40500,16907.8554778555
"QNH5zfmLt2B","GHA","L06",450,2400,30,514.543631502188,0
"QnVf7PaErv","TZA","L19",210000,200000,0,16962.962962963,0
"QokjJw6sDKB","TZA","L20",1205000,0,6000,54961.1111111111,0
"qP3BigSRj28","TZA","L10",49000,0,12000,128035.714285714,0
"QP58gEJbLF8","UGA","L07",154000,100000,10000,312000,6000
"qqEgat4rGk9","GHA","L01",753,0,10,14.5,0
"Qrakmh9TAb7","TZA","L20",3070000,0,510000,26961.1111111111,0
"QT4VeJxXHv4","UGA","L02",2675000,1780000,110000,0,0
"QUACw1VqWL2","RWA","L01",412700,152500,60000,151400,7500
"QuoaS1YaSX9","TZA","L11",392000,250000,15000,539714.285714286,0
"QVFH5ibEfX","TZA","L20",2079000,0,0,28987.037037037,0
"qy7poFPTo22","GHA","L01",400,0,21,0,0
"QybMet9zZh8","UGA","L06",18910000,2672000,51000,600000,-2500
"QYtwXPgNBa3","GHA","L05",1260,1030,0,30,0
"R24vZdb6HQ7","GHA","L06",-268,2800,135,9853.2142278399,0
"r4YWWf5e5x3","UGA","L03",84000,130000,23000,1460000,0
"R5nJaf2Sop9","RWA","L06",287550,157000,38000,0,85000
"r8r378XZhzA","UGA","L03",800000,510000,3000,0,9900
"R9DTr4peJNA","RWA","L06",162750,165000,22550,140000,0
"rai72yodTZ7","TZA","L03",52000,0,0,0,0
"raKhngAMuK5","TZA","L10",101000,0,7500,77380.9523809524,0
"RbeUER44T9B","TZA","L20",3975000,0,362000,431234.126984127,0
"RCuAWjMUBmA","RWA","L01",134000,66000,17000,38000,750
"reM7upJxET6","GHA","L06",-36,0,40,432.960298168854,0
"rfcJhQz5u38","GHA","L04",590.2,0,80,497.916666666667,0
"RfzDYcp8cy2","TZA","L22",752500,0,60000,364139.194139194,0
"rkEPTagLmF8","RWA","L04",361500,189000,5400,703500,0
"RkxgfouGkY6","GHA","L02",7791,0,0,707.809523809524,0
"rMuY6Uj3iMy","UGA","L03",467500,385000,31000,160000,0
"Rmvq4s33Ev8","TZA","L10",350000,0,15000,1126726.19047619,0
"RnembMKrW72","UGA","L03",1232500,247500,27000,90000,0
"RnWd36XhwD2","TZA","L11",252000,80000,9000,-680285.714285714,0
"rP7DxqhNrW3","RWA","L03",297500,45600,3000,30000,20000
"rQmTKtJ2h92","RWA","L03",79900,40000,7000,0,3800
"rR4rphkhyt6","UGA","L01",510000,165000,192000,75392.8571428571,3000
"rrTcscTcWH","UGA","L03",363500,778500,963000,75000,0
"RscSHibFMZ","UGA","L07",151000,84000,0,0,0
"RTnL3zMj6T","TZA","L22",800000,58000,23000,102622.710622711,0
"rvasPDxnwj3","GHA","L01",1445,0,57,1575.73611111111,0
"rYhbEL7oXj9","RWA","L03",97000,179000,12500,0,0
"rzTsdWdr6y3","GHA","L04",262,360,10,0,0
"s1YRqRa7dg5","UGA","L03",380150,523500,35500,530000,116600
"s754vJkGDg2","RWA","L03",135300,6000,7500,0,0
"sAJq9uruKa3","TZA","L19",600000,920000,240000,257944.444444444,0
"sApJeip8V38","TZA","L18",728000,50000,60000,18444.4444444444,0
"SAvMdkgq8K4","GHA","L02",1280,0,9.3,110.393055555556,0
"SDoi2yLPd6","UGA","L02",174000,250000,69000,731588.412698413,15000
"seXpFZmj3a","RWA","L04",102700,28000,30000,220000,0
"SGWDY8X7yo4","GHA","L05",11370,11175,60,75,0
"SGWnjCX1hJ3","TZA","L10",371500,0,23000,126107.142857143,0
"smz4XRTY7G6","RWA","L01",50500,18000,80000,0,3000
"sohyYFGAMr9","RWA","L07",133050,113500,60160,168000,27300
"SqBCN18ii19","TZA","L11",85500,100000,36000,119142.857142857,0
"sqDAomp7sVA","TZA","L11",642000,0,0,0,0
"SqGfB47Y5q3","UGA","L01",711300,75000,2430000,614571.428571429,3000
"sqHntKPZfk6","RWA","L02",127350,0,60000,0,0
"SS7UVs5jxa4","RWA","L03",52500,125000,0,0,145920
"sSK4YGpVFE3","GHA","L02",6158,0,15,0,0
"SstK2kLetr6","GHA","L06",0,0,12,216.875,0
"SUdaBvN6yMB","TZA","L10",700000,0,24000,448035.714285714,0
"T5DZd2AUTX7","TZA","L22",770000,0,7000,47241.7582417582,0
"t8pSXYMtCP","RWA","L02",25300,22500,0,12000,4200
"Ta22RrxG4KB","GHA","L06",-30,0,0,0,0
"TbNKmfWhji9","TZA","L18",530000,0,0,18444.4444444444,0
"tcEkwscfpH4","GHA","L02",1400,0,0,200,0
"tdcaU4K6FA3","RWA","L02",388639.5,0,5000,0,0
"TdHhH26Qsi9","UGA","L04",211000,0,0,0,500
"Te4C6DJXQq6","UGA","L01",636000,0,1142600,167678.571428571,0
"teFJypg3MU7","TZA","L19",250000,0,0,33925.9259259259,0
"TEgeq116YW6","RWA","L01",76000,1000,10000,0,750
"TfTiB3qRvU2","GHA","L03",5810,0,0,263,0
"thieXHRj9r7","GHA","L06",2330,0,70,701.208333333333,36000
"tKy51hwqVM2","GHA","L02",3272,0,14,22.4541666666667,0
"tmtcp1ke5eB","RWA","L03",130000,20000,25000,217000,19000
"tNWzZ2EiTjA","UGA","L01",279500,53000,16000,43714.2857142857,0
"to8Gc5JzaT7","RWA","L06",178100,186000,121500,30000,70250
"tQBVYhTSUx5","TZA","L20",1791000,0,57600,295987.037037037,0
"tsxUHiQSdd5","UGA","L07",661000,0,0,0,10000
"tsyzA3E2k36","GHA","L04",2219,600,0,79.4444444444444,0
"TSZ8yp6UEy4","RWA","L02",23700,6000,0,0,3300
"Tt5k1X1aefA","RWA","L03",40300,63400,120000,12000,30400
"TTKHU3eLS44","UGA","L01",675200,425000,216000,89571.4285714286,1500
"tU6yMt3dHA3","RWA","L07",182500,84000,50700,98841.6666666667,12500
"tuxCwfbZQN9","RWA","L07",237500,20000,3000,12000,12500
"TVHKxGJD4T5","GHA","L06",-30,0,0,0,0
"TWGYiMEN9K3","RWA","L01",39500,3000,6000,0,1500
"tWqyJcJmuN5","TZA","L18",200000,50000,144000,38444.4444444444,0
"TY6c2BvPeq8","RWA","L03",35000,1500,45840,100000,2000
"TYoYR9fk5v3","RWA","L07",301900,215500,0,27000,11400
"tzDJcn6PLMB","RWA","L04",41800,4800,24500,17000,3800
"TzXCuVJ5tP5","TZA","L20",2400000,0,1530000,1631513.22751323,0
"U18xstU8LR7","GHA","L05",1600,0,0,0,0
"U4AbXpgwpoA","RWA","L02",173300,1000,0,0,2200
"U7thyS2zJj8","GHA","L05",455,585,0,650,0
"U7Y9xmtZk89","UGA","L01",443500,240000,25000,14571.4285714286,0
"uA6dFVY3tr2","GHA","L06",1270,210,20,197.833333333333,0
"UBoKCmEGFXB","UGA","L04",2676000,22500,0,0,0
"uDCakBEm7VB","TZA","L20",7500000,0,2185000,2415182.01058201,0
"UDim1j4z9K9","TZA","L18",873000,0,16000,0,0
"udreQXLRb29","UGA","L07",45600,54500,7500,0,1000
"udWPUwFP172","TZA","L18",590000,0,48000,32888.8888888889,0
"UDYnaavH8U3","GHA","L01",272,0,50,12.125,0
"uF4YRcniT69","GHA","L05",1820,0,0,450,0
"UGrmX3B1xb7","TZA","L11",250500,0,90000,269857.142857143,0
"UKqsMYWu6S2","UGA","L04",2437000,109000,2000,0,0
"uMco3gkx1Z8","UGA","L07",33000,170000,0,0,10000
"UmXMMFYwnL4","GHA","L03",6280,0,20,160.8,0
"UNJbgF8rDE4","GHA","L03",2475,0,48,334.4,0
"uNqoVbaZpG3","UGA","L07",108200,1696000,12000,400000,2000
"Urb5aXE3gA2","RWA","L02",296900,0,18000,0,0
"utcTs5LcPQ7","TZA","L03",1392000,0,476400,13944.4444444444,0
"UUj4sWMqYC3","GHA","L02",4892,0,12,480,0
"UVBzkFMeZz9","RWA","L03",269000,1400,26500,29000,1400
"Uvc1cgf5XM9","UGA","L07",401000,15000,6000,0,0
"uVDhbqsgm8B","GHA","L06",-600,1500,15,0,0
"UYwovny68h","UGA","L04",440000,0,12000,72056.0173160173,0
"uz81YWocVs7","TZA","L20",2565000,0,45000,52974.0740740741,0
"uZWP16YfzT5","UGA","L02",287500,480000,252099,0,0
"v29v4CgCb9A","UGA","L04",2122000,40000,0,0,0
"v2cqtKhhmEB","TZA","L18",395000,0,0,0,0
"V42v2Qoi8j3","GHA","L01",3400,0,1132,1855,0
"v5AnXEEYcG3","GHA","L04",4724,3816,13,100,0
"V5nBNdt5Wo9","UGA","L02",126000,200000,22500,710529.470899471,2250
"V6SdSqrYbJ7","RWA","L03",10500,5000,2000,0,1600
"vbnCBWJgn15","UGA","L01",546000,62000,22500,0,0
"vC1xGx4WFW","RWA","L07",476600,75600,202500,0,0
"vCAfAwy9KTA","TZA","L03",166000,0,30000,66833.3333333333,0
"vCMe7iY3tJ","UGA","L01",357000,553500,2000,29142.8571428571,4500
"vdieyWj8obA","RWA","L06",99030,139180,26000,0,23539.2773892774
"VDYfVRu3Q44","RWA","L02",-14750,0,50000,0,0
"ve5Vid3J3j2","UGA","L03",517000,110000,5700,30000,0
"Vh74sMy7UM8","RWA","L03",130000,28000,0,0,2000
"VhjsvzpdVX8","TZA","L18",120000,0,24000,175333.333333333,0
"VHVUj6zT8c6","UGA","L01",26400,295000,36000,514571.428571429,10000
"vkQ3CHAz8S2","UGA","L04",47500,34000,400,0,0
"VM1oxfq9wgB","RWA","L01",546300,51500,50000,100000,5500
"voQqwNL5SR4","RWA","L02",228600,171000,392000,0,33000
"VpdWTmuL8k8","TZA","L10",63000,0,0,0,0
"vPv6VoT5Hx6","UGA","L03",130000,335500,10000,15000,0
"VQjx1ubsk84","UGA","L03",249000,65000,735500,90000,0
"vqK89X1n7z7","GHA","L06",456,0,0,234.960298168854,0
"vsXLkjJ58x2","UGA","L01",292000,128000,13500,653321.428571429,0
"VTttxxMVpA7","TZA","L11",48000,0,0,0,0
"Vuke4bM37hA","TZA","L20",6470000,2720000,3000,65974.0740740741,0
"vvfZmP19Kx","TZA","L18",-37300,0,0,0,0
"vVmon4etMR7","GHA","L04",0,0,0,0,0
"vvZZdLufJK3","RWA","L03",17850,35500,15000,0,0
"vwWMrLhFgq5","UGA","L04",644000,60000,0,0,0
"VxhDa2qgmM7","TZA","L20",2950000,0,0,0,0
"VyrUWsmH5zA","UGA","L01",587000,234000,0,90000,0
"vyxUdnM5dv5","GHA","L02",1236,0,14,50,0
"vz6UQ8NGgEA","GHA","L01",4374,0,56,980.25,0
"w27bEeu1DR","UGA","L02",107000,760000,132500,770529.470899471,0
"W5cRAyZKiP3","TZA","L19",1280000,0,0,0,0
"w5r45534D96","GHA","L03",1925,0,50,171.5,0
"w7mhEiauzv4","TZA","L22",160800,0,9000,43241.7582417582,0
"W8ZrkDDq8B","GHA","L06",5000,800,800,509.920596337709,0
"wbguRJt7c17","GHA","L04",3936,3822,0,0,631.516666666667
"wEEPeGoe7x7","UGA","L01",674000,84000,20000,446250,0
"WEJAJe36mh4","TZA","L22",330000,0,0,0,0
"WgmUQnWemm7","GHA","L04",5694,5777,60,779.444444444444,0
"wGsPM221dM8","GHA","L05",350,550,48,0,0
"Wj18gYU55E5","RWA","L07",95900,8500,0,0,500
"wJPLc9G7D59","UGA","L06",642000,308000,8000,0,3000
"WjvUqZyb157","TZA","L22",484000,0,116000,214139.194139194,0
"WKmRQnKoHA8","UGA","L06",335000,40000,0,0,7500
"WmaX2iuVse5","UGA","L04",396000,0,19000,0,0
"WMFdhZg7RN5","UGA","L02",90800,162000,0,0,8000
"wPk7iGeM1n2","RWA","L01",416990,17500,197000,0,2250
"wr5wPxGTis","RWA","L04",262550,0,140000,0,0
"wTASpGRGc38","GHA","L05",11200,22400,0,0,0
"wtdrsEsEBX2","TZA","L20",3770000,0,233000,4008816.13756614,0
"Wth4nHzDVc8","GHA","L02",319,0,0,0,0
"wtorB9F7hm5","GHA","L03",7524,0,30,314.4,0
"WuExMq5R6A9","RWA","L02",41800,0,68000,0,0
"WVpeXYVGNq8","RWA","L07",61900,111000,24860,0,1500
"WvS53Ci87D3","TZA","L11",147000,0,0,0,0
"WWKohq5CDc4","GHA","L04",580,0,108,198.611111111111,0
"WX9WPcwEjJ9","GHA","L05",2985,6040,50,135,0
"wXNS3oTZiX8","TZA","L10",147500,0,7500,28035.7142857143,0
"wy7axJB9t4A","RWA","L01",88900,8200,8000,0,3600
"x16vgM9iGq3","UGA","L07",1155000,760000,0,280000,86400
"x3KJboY4Wn4","UGA","L07",479300,750000,10000,530000,4000
"x3YWH9QUug","TZA","L03",312000,9000,240000,13944.4444444444,0
"X4aAZpreBL7","GHA","L04",0,0,25,99.5833333333333,0
"x7bE3Pdy8h5","RWA","L03",57600,10000,0,0,20000
"X9YiaEDanB7","TZA","L22",178000,0,10000,19241.7582417582,0
"Xab6HD3Zh47","UGA","L06",386000,0,48000,129796.296296296,-4000
"xAHNqyKKrL4","RWA","L02",-17000,0,0,0,4400
"XaYWTVN67N4","TZA","L03",1077000,300000,188000,474909.722222222,0
"XBSg6BUGH3","UGA","L06",626000,70000,27000,109592.592592593,16500
"xcn3a9uEQZB","TZA","L11",162500,150000,0,179785.714285714,0
"Xcq8cPDrtJA","RWA","L04",10250,0,24500,0,0
"xcxoHDFasQA","RWA","L04",69500,0,15000,10000,0
"XDQ9iJinQy9","TZA","L19",-15000,61800,0,34962.962962963,0
"XEA6aofdZo5","GHA","L05",6065,5980,100,300,0
"Xg5bY5Ztxx2","GHA","L01",690,0,15,0,0
"XiQuiDjntD2","GHA","L02",3585,0,32.5,103,0
"xJ36NSni7X2","UGA","L04",680000,0,2000,0,0
"xJHuYg9HkC4","GHA","L06",3321,0,0,44.4583333333333,0
"xkrLWnDGpw7","TZA","L18",48000,0,0,0,0
"XqoC5saQNR5","GHA","L02",3194,0,20,230,0
"xRKbT2uWYL4","RWA","L04",250860,4500,140000,-40000,20000
"XrphaE61Jh6","RWA","L02",30400,10000,60000,0,4300
"xVFJcnicr68","UGA","L01",0,1145000,32000,43714.2857142857,6000
"Xwug52WXRu6","TZA","L11",21000,0,4500,32928.5714285714,0
"xwVxszyCYQ","UGA","L07",1678000,720000,235200,1902648.80952381,8000
"XXFzjtd2A8","RWA","L01",69000,0,15000,0,2400
"XZQvXo5qT34","RWA","L06",346850,137500,54000,100000,21000
"y5bMEWTbk12","RWA","L02",779500,2500,32000,0,4400
"yaHQ7ni6ar4","RWA","L06",79220,24000,75600,-2000,118500
"yCPYya5PZfA","RWA","L04",26000,0,0,0,0
"yDfj9pye3S8","GHA","L04",1220,2100,15,99.3055555555556,0
"ydHcUTHKzD7","GHA","L06",-45,400,40,57.8333333333333,0
"YDokUMGBos2","RWA","L04",12500,0,108000,380000,3000
"ydvLLQUM1wA","RWA","L03",36500,50000,0,18550,20000
"yE1Xsrhzmk8","TZA","L20",2065000,0,472800,166987.037037037,0
"YfvDPbb5H85","RWA","L03",113000,50000,8000,80000,0
"yhsx6xFzAD","TZA","L18",600000,0,0,0,0
"yjXM15j8fo9","RWA","L01",127800,11840,74000,10200,2500
"yku5wXeXnu9","TZA","L22",0,0,0,84897.4358974359,0
"yLS96zjnvX6","TZA","L03",741000,56000,18000,1281791.66666667,0
"ymaHgFS7sD7","GHA","L03",2008,0,50,0,0
"ypMu1Vkfqo9","UGA","L02",135450,274000,30000,56058.9417989418,0
"yPna76R7KH6","TZA","L10",1550000,0,300000,66690.4761904762,0
"YqAFB2BMNLB","GHA","L03",17301,0,30,120,0
"YR25C1AKLBA","RWA","L04",26500,0,10000,0,0
"Yt9L1fZvpf5","GHA","L06",-80,16000,600,7200,0
"YTTV9E8N5B7","UGA","L01",589200,265000,14500,3313285.71428571,2000
"YVG8nKF7bC4","RWA","L06",383350,341000,15000,38000,14000
"ywS4MJJe4cB","TZA","L11",415000,200000,20000,269142.857142857,0
"YXV6xbSxws2","UGA","L06",1043000,45000,6000,14898.1481481481,14000
"yyBkps8kGBB","GHA","L06",-16,0,5.5,0,0
"yyXhtLq72C2","RWA","L07",206800,27000,25000,0,8100
"Yz9QZdfbFV","UGA","L02",57000,1325500,12000,247058.941798942,0
"yzbJgVuQFv2","TZA","L19",350000,92000,0,0,0
"z7c7QHaTTe7","RWA","L02",196850,0,140000,0,0
"z9PS7Qjy5L2","UGA","L04",2607500,86000,16000,-85887.9653679654,72000
"ZaEAz3d3Dr6","TZA","L03",346000,0,20000,54861.1111111111,0
"zAweUkHmCz8","GHA","L05",4440,8880,0,0,0
"ZAXs3MY83J","TZA","L10",101000,0,84000,37380.9523809524,0
"ZAZu9eYNzaA","TZA","L03",398000,0,125000,420000,0
"ZbDwCBkG2A5","TZA","L20",735000,0,1694000,0,0
"zbPhVbZ2hNA","GHA","L04",2379.5,2704.5,15,278.472222222222,0
"ZbpM6thc1b2","UGA","L02",198000,27500,60,0,2400
"ZBSFxdohGu7","TZA","L19",1650000,30000,0,0,0
"ZC9BxGQiLT8","TZA","L11",258000,70000,45000,84428.5714285714,0
"zCz7aSrczL2","UGA","L04",451000,0,0,0,0
"zddQBRJke87","TZA","L19",1440000,400000,0,46962.962962963,0
"zebc4qh1zU8","GHA","L04",1907.75,0,60,0,0
"ZeurtKQcW93","TZA","L20",1850000,0,0,0,0
"ZgVCya2zX73","GHA","L01",6685,0,36,1169,0
"ziHZfbph8gA","TZA","L19",860000,0,20000,42407.4074074074,0
"znifEwvA5C4","TZA","L03",338000,35000,0,13944.4444444444,0
"znLkiipm6hB","GHA","L04",926,660,300,79.7222222222222,0
"ZpzNhUcn8E4","UGA","L06",560000,995000,5000,0,0
"ZRuCufE5rt9","TZA","L10",192000,50000,12000,0,0
"zRYovaahru9","TZA","L20",10078000,0,520000,23532251.3227513,0
"ZSL3mumZ4X8","TZA","L18",2336000,380000,134000,416333.333333333,0
"Zsq7RscRsJA","UGA","L06",990000,235500,11200,29796.2962962963,3600
"ZsXLTqgEPA2","GHA","L01",149,0,10,84.25,0
"ZU7tm63WQNB","UGA","L06",1811000,241000,12000,29796.2962962963,4000
"ZVVKrqxAx48","UGA","L04",678000,10000,0,0,0
"zVWFb5eAbV7","UGA","L07",169100,84000,10000,226333.333333333,10000
"zwCpRhKnPo9","GHA","L05",3517.5,4027.5,0,0,0
"zxz5fHgxQr4","RWA","L02",554000,0,68000,0,0
"zywmeprmCJ6","RWA","L07",43000,1400,2500,0,2600
"Zzj5HfKc4d3","TZA","L22",90000,100000,0,0,0
