"Household.ID","survey_uuid","Country","Landscape..","income_own","income_wage","income_crops","income_perm_crop","income_lvstk_byprod","income_byprod","income_lvstk","agincome"
"13sx7zZ45L7","87a94a65-e27c-40ee-8673-3eead171412e","GHA","L01",1560,2040,100,0,0,0,0,100
"17tw28pAwD3","402b090d-ff24-4610-b019-cf97a9a5d4aa","TZA","L11",0,3650000,860000,0,0,0,0,860000
"1aHi48GS6A5","facb6aff-dc3b-45a7-9c5e-f5c2a5b1e0e7","RWA","L03",0,0,0,0,0,0,0,0
"1AHvfwxYcT6","8014d7fa-dc8f-4784-be0f-c719e7dca5b2","TZA","L20",0,0,350000,0,0,0,0,350000
"1DKzT4xkSq9","00a1f24b-dc53-44d3-b76c-8b957ea0274b","UGA","L03",782142.9,0,120000,394000,0,0,0,514000
"1m6QKguDbp4","58a29b06-59f2-4ba1-9a54-1ecbf885610e","RWA","L03",0,365000,0,45000,0,0,120000,165000
"1Mcd53U8Qb4","762241cc-2333-4419-968a-f6a156e27f70","UGA","L02",0,3285000,328400,1425000,12600,0,4e+05,2166000
"1tDK7dEA7q4","fb995466-3bd4-4ca1-ae89-e1c6be6ba2bd","RWA","L07",0,255500,0,0,0,0,0,0
"1U2KYPp4RE4","350d58da-ecff-44b7-831b-4c675384e126","TZA","L18",0,0,0,0,24000,0,90000,114000
"1YCu7s1wQ37","45aaba58-3125-4870-a3c4-893e2bbaf831","UGA","L02",0,2007500,2e+05,220000,0,0,0,420000
"1YyZC8Zyxy7","d429403a-c2c9-43d1-a83c-9a5645e1c2ae","GHA","L03",0,0,180,0,0,0,0,180
"25LYWDpsci5","8b3f9f58-1fc6-48ba-b0ec-4bd5fea27816","UGA","L07",0,1800000,32000,4000,0,0,30000,66000
"29hZgxCQpf4","11d4057b-6dcc-461f-b516-09d640735146","RWA","L03",0,0,96000,0,0,15000,0,111000
"2GJh9RvP6U3","57b11406-197c-4f5c-b52d-f2704afffa8f","TZA","L10",0,0,40000,0,78000,0,0,118000
"2JxppdNdy1B","1adb289b-24fc-4fde-bc95-6779e0979d8a","TZA","L11",0,0,63000,0,0,0,0,63000
"2Q7MnSV2oJ5","bcac311b-d9b6-4f3d-bc3f-4270d9fd2e24","GHA","L06",0,2867.8573,2300,2320,36,0,850,5506
"2tfKupRSSR9","757cca27-6014-4a05-becb-94713bbef40b","RWA","L03",0,104285.72,0,0,0,0,0,0
"2tg6ar7zuS5","33cd8c74-bb90-4294-932c-cb7073c5f084","TZA","L22",0,0,0,0,0,0,0,0
"2TsiWCE9wU3","f70c1e59-24c5-4e71-9f1e-a44b42ded6d9","UGA","L02",380714.3,0,0,9e+05,350000,0,1550000,2800000
"2tw7sF6jPB4","1cc0ae0c-256f-4f81-9ffb-e1180f4acaf0","TZA","L11",0,0,120000,0,0,0,0,120000
"2w6GUTeKDd","23ea4735-f10e-464f-9774-ee951ff362d2","GHA","L03",0,0,4810,0,0,0,0,4810
"2zFRVcySNg6","c44044e3-f1a9-4787-8085-b1633d00f725","TZA","L18",0,6205000,180000,0,0,0,220000,4e+05
"2Zy882qHx74","031bba75-b554-451c-afa1-a41db7eabdef","UGA","L06",0,0,570000,0,8000,0,44000,622000
"3262VdP66d2","9179a33c-da69-4527-84b5-ddba65cbaceb","GHA","L06",3910.7145,0,2800,0,0,0,0,2800
"3aT11RTk4H8","b9454b7a-3846-4377-b4d3-c57972759ecb","RWA","L07",260714.3,0,133000,14000,0,0,20000,167000
"3bdaYKw2CU5","47439c25-ee01-4ea4-8130-8296984af65e","TZA","L11",0,0,2298000,0,0,0,40000,2338000
"3BWtidtw1gB","b2c89592-3022-4f07-b0e0-8309b1954786","UGA","L03",0,0,90000,0,0,0,0,90000
"3csKwZMd8vA","7404e851-9e1b-4f35-9232-842f3b0fc510","UGA","L02",0,1825000,192000,170000,18000,0,0,380000
"3eWkuw2PPtA","b83dfaa3-d04a-440a-b981-b1460ad52c34","UGA","L03",0,208571.44,350000,0,0,0,0,350000
"3f7GFEXbaK","1b45d20a-db4b-4bad-af7d-346bfd1498c4","UGA","L03",0,1200000,0,6000,0,0,0,6000
"3oYDbENAuo","beaf12ba-8d39-4848-973e-510b1af019c7","GHA","L03",0,0,0,0,0,0,30,30
"3WbmqA7gbk2","f2239668-0c86-4846-9c50-9dd252960f19","UGA","L01",0,0,0,0,0,0,0,0
"41YTq8opiW8","ed6607e3-93dc-47b5-acb3-d07805a92d92","TZA","L03",0,0,508000,0,0,0,28000,536000
"43ozar7mLV6","76d3c685-06af-43a7-91c2-0e68e1ee55eb","UGA","L03",0,0,28000,480000,1200,0,0,509200
"43RqATksCs8","cb440ab5-685f-4875-bd9b-7bc1316658f9","UGA","L06",0,0,360000,150000,0,0,210000,720000
"4aupp5Gqjv6","b867ba83-6893-4cba-89d2-cf6a1671c0bc","RWA","L02",469285.74,255500,422500,15000,0,0,0,437500
"4DD1mGbS2b6","b35b9e16-3d53-4bb6-868a-87854d61f6cc","GHA","L05",0,0,4560,4320,0,0,0,8880
"4FP6ukTTsQ8","0e9cd79c-e8d6-4c05-95d0-04e82a1bf4a6","TZA","L19",0,4380000,0,0,0,0,0,0
"4GxE5frHnQ4","0e224f3c-c89c-4584-bb2b-d516e9f12ed8","UGA","L02",NA,NA,0,150000,0,0,0,150000
"4LtjetWmyU6","53bdf18e-f489-4c6e-9fa0-fec217d8643b","TZA","L19",0,0,0,0,8000,0,60000,68000
"4Ltk7eBsFy2","b0049cf8-b6c2-4fea-8f4d-fda276396770","UGA","L06",0,0,297500,0,0,0,40000,337500
"4mjZfGs3Aw","d4fb9af4-ce82-4a48-bf6c-a442df14e548","UGA","L03",1200000,2160000,3e+05,16000,0,0,0,316000
"4MTsyUHiaX4","28ea22ee-dec0-414b-9f8c-d54acb0f3ba4","UGA","L04",0,0,0,0,0,0,0,0
"4NfJeixyr6A","673cb895-876e-4e5b-bbb5-86f32fc9a518","TZA","L22",782142.9,0,0,0,0,0,0,0
"4wawPvHomv","0fea2aff-a7f5-4e83-9ac8-23e6abc1431e","UGA","L04",0,3285000,0,0,1500,0,0,1500
"4xFbY5oyU82","fcefa917-5478-472c-9333-1a647037d92f","GHA","L06",5214.286,0,0,0,0,0,0,0
"4YxLyEvHcr2","b7b65987-bf4e-4fd7-84dd-3dc58b5c2a96","UGA","L01",260714.3,10629714.4,0,0,0,0,0,0
"51brKTHzvAB","155d7bea-82ea-4755-b8d7-26d682a634fa","TZA","L11",0,0,80000,0,12000,0,0,92000
"52MH5CafZg9","927a12c0-ca8b-4e77-9f8f-13e02615b214","UGA","L04",0,0,0,0,0,0,0,0
"56esinYPtWB","1e1be10c-1469-4fa0-9f5e-da501567e3cf","GHA","L03",600,0,0,0,0,0,150,150
"5a2WfRTPWS2","41dc259c-d120-4419-88d5-b6796916883c","UGA","L06",0,0,520000,65000,0,0,0,585000
"5AjH6QaGU24","df0d3bc9-637b-4529-9ecf-8bf89e118474","RWA","L04",0,480857.16,23000,0,0,0,0,23000
"5BM4RJvhSqA","2bd59923-98e2-4258-be0a-84bbf70f08f7","UGA","L03",0,0,90000,18000,0,0,0,108000
"5FTsNB6cw66","16ce5aaf-3c4b-4282-8836-4d78c2b43782","RWA","L07",0,0,3000,8300,0,0,0,11300
"5JcGGbr2Y88","38cc35d8-afee-4529-8e50-bc4e5765143c","GHA","L03",0,0,3190,0,0,0,75,3265
"5oGmpb8QJLA","953b31d5-f866-4b64-97e7-e728458aa03b","TZA","L22",0,0,4e+05,0,0,0,0,4e+05
"5R7zjWiS4o","47704465-f042-4ba2-a9dd-63c6e8930f3a","TZA","L03",0,0,60000,0,0,0,1e+05,160000
"5rf37agRoT5","4c57a95c-ac41-43db-a492-5e33e1dec697","GHA","L04",0,0,4560,810,0,0,0,5370
"5s4t5icCN2","07d753f9-35fb-4c46-8469-f4d7acc4ebc7","RWA","L03",0,0,33000,0,0,0,2e+05,233000
"5xb8kqgFVh9","17cae74d-3ee3-4890-ae27-b759a1ac08cb","GHA","L01",0,0,210,0,0,0,150,360
"5xjULrvkzz3","4c174d1f-4861-4d7c-9398-55b428803ede","TZA","L18",0,0,0,0,0,0,0,0
"5xza3zKCC65","612cd7a5-fa22-423b-8591-3812faf26667","UGA","L02",260714.3,0,72000,632500,308700,0,0,1013200
"65WUiskq7g6","a1c87b25-2f8d-4efe-b071-873c26878799","TZA","L20",0,0,1200000,0,0,0,1200000,2400000
"6auvr3dPvX4","4ee41348-df5e-44a8-a549-232bd16ae814","TZA","L19",0,12045000,0,15000,4800,0,32000,51800
"6gioKTgu1a9","2487ba6e-d20e-4bac-a7e9-5356345b4bec","TZA","L10",0,0,30000,0,0,0,0,30000
"6knFhJg33R9","31e67c67-3f5d-4c5e-a2f3-3670b196afb5","UGA","L04",0,0,260000,0,0,0,70000,330000
"6L8XQ2ivNNB","30005489-21a6-40dc-8c86-b72da17c771a","UGA","L07",0,0,0,0,10400,0,0,10400
"6NYkNXf4fW6","7c943e00-0d8e-4261-8bc7-0497e6d121b2","TZA","L18",0,0,0,20000,10200,0,14000,44200
"6o1LRkbmmy9","09eb1ea8-1371-4ca4-9720-4b92992b696c","GHA","L05",0,0,4405,4905,0,0,1090,10400
"6rFDY18oMR9","e59853d2-19e9-4da6-88bb-7a40ece80b10","GHA","L05",0,0,8280,8280,0,0,0,16560
"6s9v6agXWi3","917619ec-1c93-4c26-b198-19ef4c5173f1","TZA","L18",10428572,0,1560000,0,0,0,0,1560000
"6vh1fcZWV2A","0dfd4229-970d-4516-88b2-026e5ef541d5","RWA","L04",0,0,52500,0,0,0,0,52500
"6vK31iR7nAA","46658b50-2cec-47b4-bc17-56c21547fd99","TZA","L22",0,0,4e+05,0,0,0,0,4e+05
"6VtbLtrb1D3","eb32e30a-7f41-44ef-933b-8de08953f0b3","RWA","L04",0,240000,0,9000,15000,0,0,24000
"6vZXvHtQdG2","fb81ea23-20f9-4764-a4bf-7705a93e9722","UGA","L06",0,2085714.4,350000,0,0,0,1e+05,450000
"6zdLptApzZ2","9cd7a460-53ed-4dd8-891f-a9bb76f533ab","RWA","L02",0,373500,90000,20000,0,0,30000,140000
"73M3dsnzvJ7","69a19331-243a-4224-85c1-a53f76de4785","TZA","L22",0,0,640000,0,0,0,17000,657000
"7GEs4txMBL9","f61e7540-a719-40b6-83a7-303ba0084505","TZA","L18",1564285.8,1095000,25000,30000,0,0,0,55000
"7HuaMEgyTz4","1b7877b4-cdc4-4fed-9f00-56d1be005e81","RWA","L02",0,0,182000,0,0,0,0,182000
"7KKdwdFxzG7","27fd2220-a8be-4f86-8138-c6f4c09ca36d","GHA","L06",0,0,5545,11280,144,1800,1220,19989
"7NvFkzHDPpA","b4530074-eaba-45dd-a75c-f17bb62d67ea","TZA","L10",0,0,0,20000,4000,0,12000,36000
"7yhK3asbcg8","b939f0cf-e94b-4202-8296-55272c1d9f18","UGA","L07",0,0,0,0,0,0,12000,12000
"84Tt3igkks","87f5464f-f7a5-4c04-93fd-ebc6eafd715b","TZA","L22",0,0,2e+05,0,0,0,0,2e+05
"87qeDKg8sj5","4820186b-a5d4-4d57-825e-ae8f07ad183c","GHA","L01",0,0,0,0,0,0,45,45
"8bfdq81qVM8","d28f84cc-0445-431b-b1d6-385239f2e7df","TZA","L11",0,3650000,36000,0,0,0,140000,176000
"8jLMpgU7qmA","8fd02c4b-b6a9-4f6d-b26b-b07a08d7e6ad","UGA","L02",0,0,0,25000,0,0,120000,145000
"8LgQmjxaed7","e3e25c2f-bda3-44e0-9244-37c016ddf34f","RWA","L07",0,104285.72,0,0,0,0,0,0
"8pbKc5jDHS6","5b27cfb0-05b7-4cbd-8fa8-508b595548be","TZA","L22",0,2190000,150000,0,0,0,0,150000
"8QSNRiJbU45","3da6c27a-4a3b-49ea-825f-5309ffa1d706","RWA","L07",0,438000,23000,0,0,0,0,23000
"8r9jJ38EDF2","6cd5f0d8-ba31-47ec-868b-0d46d31ebc52","UGA","L01",0,0,0,0,0,0,0,0
"8RDtceCXmi7","becf7ef7-cdd2-4228-9b0c-df7e818f6e3f","TZA","L03",0,0,340000,0,0,0,0,340000
"8rMnuSjsKfA","f5468bda-dd6b-4859-a06a-02784c12e1dd","RWA","L07",73000.004,438000,16000,0,0,0,0,16000
"8WWivGcFUz5","e700004c-384d-419d-8072-917befbb6bd8","UGA","L03",104285.72,0,580000,360000,517500,0,0,1457500
"9921bP6EeY4","825fe561-e1c4-4975-b7e8-18e4fe5869df","TZA","L18",0,0,350000,20000,43200,0,0,413200
"9D4NrgAzDH4","790f9103-525f-45f5-8242-40ddb9e4cfb4","UGA","L07",0,0,0,452000,0,0,428000,880000
"9ES5SSTauT6","e970520b-b4a7-427a-acb0-3b9a1836879e","TZA","L10",0,0,12000,0,0,0,0,12000
"9iKLxLjVu77","34fe119b-e685-4c69-9dfb-5a7e32c28368","UGA","L04",6e+05,6257143.2,0,0,0,0,0,0
"9M4qT2DMJj","dbd9b943-e479-47d0-a29c-7d1be4c76c4c","GHA","L04",0,0,5620,5620,0,0,730,11970
"9P8HkL34az2","79d96c88-2205-44a0-a8dd-4d2004ee6581","UGA","L02",0,840000,425000,0,0,0,1851700,2276700
"9s7aPD8ZRh7","ba0f230c-5ea2-4840-969e-a5a1ae41c521","RWA","L07",0,0,233000,140000,0,0,364000,737000
"9uri5wypzL4","2f21a744-f14e-45b7-94ae-a7c780a5539b","TZA","L22",0,2085714.4,450000,0,0,0,0,450000
"9WWgnSHHAA6","4aa1c6eb-1bd5-4acc-adb7-1e68b216a0ab","TZA","L03",0,96000,180000,0,12800,0,-3000,189800
"9yvw1XWDNpA","fa619efc-87be-4b76-82f7-33dda5c41fec","RWA","L07",0,0,6000,2500,0,0,0,8500
"A4HX8ZvF3a8","02ffb259-bc8e-4221-99d2-c250997e0922","TZA","L22",156428.58,0,120000,0,0,0,0,120000
"a77UhCZgDh2","e00cd33e-ea1b-47ab-b27f-0d6b012f2679","TZA","L19",0,1152000,1150000,14000,8000,0,160000,1332000
"aANwrQbMsa3","b1133433-ace3-42b6-abb8-40c1d961b250","UGA","L01",0,0,439000,0,0,0,15000,454000
"aC1Yp9Vbbb9","74da8b61-12d8-4caf-955f-83e0a33dce2f","GHA","L02",0,0,3620,0,0,0,0,3620
"AcecNqxEnz4","3b7941ac-e81d-445b-9a9d-8b4961aefecf","TZA","L18",0,1642500,0,0,0,0,18000,18000
"aEPhhDYMsKA","8f65cafa-8331-49f3-9d8f-1b1d7004db04","GHA","L01",0,0,300,0,0,0,0,300
"aFuKnt435e8","5fa8a147-4443-4040-bf2d-447da63e88dc","TZA","L19",0,7300000,1050000,0,0,0,1e+05,1150000
"ah2mXHfB7w4","5176a5ad-2e9f-4c60-9a22-3fd2be4686b0","RWA","L07",0,166857.152,4500,1760,4000,0,0,10260
"AKMWbrcHqo7","3bd7914d-a560-465b-ac1d-20259d0f4809","GHA","L04",0,0,0,0,0,0,0,0
"akR9WC1ESX","c5610aa7-58da-4a1b-9f8a-68d5f71db8e7","UGA","L04",0,0,32000,0,0,0,0,32000
"am7bPMj2uA","52746f02-c6c0-4ee0-a5eb-000fe56732e3","RWA","L02",0,0,888400,0,0,0,0,888400
"An4VyekaKi6","0726bf27-41fb-4ad8-96e5-d85f89e8144f","TZA","L22",0,0,40000,0,0,0,8000,48000
"aNYTfhJUuk9","61c017f9-4117-4179-8f78-954d8e05c4a3","TZA","L19",0,0,3100000,0,0,0,0,3100000
"AoyYjSvsgJA","9aa8e595-3a9a-4996-ae15-929790565eb8","RWA","L02",60000,208571.44,0,4000,0,0,0,4000
"ArjKWQXjiQ2","d0adb685-9e9f-4338-b161-f3fadb77b43f","GHA","L02",0,0,560,0,0,0,25,585
"arUegScQDF9","dfb9aa4b-b7a7-444b-ad2d-8922616c617e","GHA","L02",208.57144,0,4300,0,0,0,1150,5450
"AVbrhtAbDP5","5db8286d-7e86-468a-99da-cadfe43a0834","RWA","L04",0,625714.32,164800,194500,0,0,220000,579300
"ayZb55CgmK4","a3d3e7b4-eaea-4828-8b96-fa934b755498","TZA","L18",0,0,0,0,0,0,7e+05,7e+05
"Az5BDLdFCQB","d574bdc8-548e-480d-a1e5-5a13c0b9fadc","RWA","L02",0,0,434000,0,0,0,0,434000
"AZbZLMWXXU5","96b757ff-c953-4676-b324-4a0befa7a6ab","GHA","L04",0,12000,100,200,210,0,2550,3060
"B77fdVMrcbB","43a5fcf2-050b-4d4c-bdb5-55f76e9dd542","UGA","L02",1200000,0,140000,230000,0,0,1.5,370001.5
"B7g3YrTCTUB","6310d07b-0845-4933-913a-6edd70c6e5be","TZA","L19",0,1095000,0,0,0,0,0,0
"B8yvkFk2DJ5","f8745190-ec11-44f4-92d3-411cec3404b9","RWA","L03",0,255500,7000,4500,0,0,12000,23500
"bbQXrXaEo96","f145dbf0-dd0b-42bd-b9a4-ce2244fa6b4b","TZA","L10",9646429.1,0,0,0,0,0,0,0
"BcLx8GwEyf5","5b02fd3e-be5a-4bca-857a-7f69cf4c7b39","TZA","L19",0,0,450000,20000,0,0,40000,510000
"bdXeZG9z586","7a9290d0-92b3-4e03-a347-e1d0ad837c0d","RWA","L04",0,336000,0,309000,100200,0,480000,889200
"BiwTi7hdY7","1fe98fbe-ced7-404b-a820-828106a48be7","UGA","L03",NA,NA,0,90000,0,0,0,90000
"BNLAgvK3aCA","fae2c5c0-6dfa-4d2d-9579-bf35013425ef","GHA","L02",0,0,3725,0,0,0,72,3797
"bnNcJ3bknL7","de3d3dcb-d1d0-4177-8a7c-3c83b6e15073","GHA","L01",1042.8572,0,1270,0,0,0,0,1270
"BP6YrbuDcL","5c621250-1780-4aa0-8218-96361beec805","TZA","L22",0,0,720000,0,0,0,0,720000
"Br9y98ZGdk8","f7af02a3-1f13-42af-9137-afb5af566c79","TZA","L10",0,0,0,0,0,0,21000,21000
"bsDhjVrvZ8B","9221777b-d43f-4268-bd21-793fbd60c35f","RWA","L03",0,665000,0,13300,0,0,0,13300
"bUbW5XZNtd3","af1ef157-845c-44bd-abac-49b90132cdce","UGA","L02",1042857.2,0,0,130000,0,0,0,130000
"bvFDUPT6cv8","ea960115-f45c-4447-addf-47b7b1f6f5a3","GHA","L03",0,0,4200,0,0,0,100,4300
"BVUEfqZQ6KA","af63ec4e-b3e7-4412-af3c-1e06b7c7d21b","TZA","L22",0,1668571.44,75000,0,0,0,0,75000
"BwcbgH6pxh9","22d4d09e-2d15-4416-abaf-b8d945ad1554","GHA","L06",9385.7148,0,0,5305,0,0,148,5453
"BXfxdbawNd8","ba480718-306c-4752-8868-a1c12892f761","TZA","L11",0,0,175000,0,0,0,0,175000
"C3b2zHKsNU3","28cf750d-2487-43fa-a633-aeca5b9c8e7e","RWA","L07",0,985500,0,0,0,0,0,0
"c4ZGhkt4uq2","af8d0924-ca50-4288-8bc0-27fa9c345809","GHA","L06",0,0,1320,1320,0,0,0,2640
"C56aeDFWPa7","a53e727f-5d6c-4263-b169-4c2127fb155a","RWA","L07",0,0,45750,0,0,0,0,45750
"C7yu9JZpZ96","eb7783c9-c381-4f4e-9252-2c566e981965","GHA","L03",0,0,1790,0,0,0,250,2040
"c8oh3AnL1P","638e937b-64dc-47b1-a28a-62d41a3ffb05","UGA","L02",521428.6,0,0,67500,0,0,0,67500
"ciQdXdUfHV6","2029d878-9498-421a-94ae-2980be2ede4b","TZA","L20",0,5475000,15000,0,0,0,0,15000
"ckvwCyqWX59","37aae3ed-f12c-42b6-9cb9-93873746d76c","TZA","L11",2607143,0,0,38000,0,0,0,38000
"CLcgNTsm4y7","4b4d579e-98bf-45a5-b3e6-95203a8a3b7d","UGA","L03",1241428.6,0,3575000,1260000,0,0,210000,5045000
"CnNmmWuhuE4","769b832b-d4c5-444c-a826-a7b7d775378e","TZA","L11",0,0,112000,0,0,0,0,112000
"CnrK9APvaT4","f94c3618-15d5-4d07-9cfb-3f7403c969ac","RWA","L07",0,104285.72,0,0,0,0,0,0
"cQsxahQ8sm8","69e932e4-6e55-414c-a6d1-9ddfded57783","RWA","L07",0,255500,6500,0,0,0,15000,21500
"CR6uc2DJjF2","c0a4176b-57e2-4e35-a929-2c869d1d7fb2","UGA","L01",0,0,157500,0,0,0,45000,202500
"cSN6zpcALp9","0b4ba387-4aac-4dd6-9e67-939a54202e75","GHA","L02",10428.572,0,4100,0,0,0,15,4115
"cTxbn5tVsdA","78a16dfa-c228-4f37-82e3-ed17502d3f7b","UGA","L07",782142.9,0,0,0,0,0,0,0
"cuVuG6WmhC5","d506f4fe-85a2-44b7-bb85-169b5cf7fc89","RWA","L04",0,120000,0,0,560,0,46000,46560
"CW2n61MumoA","a750c1a6-8a97-4431-b0d1-a8188f88def5","UGA","L04",0,0,70000,0,0,0,0,70000
"CxMdVRz4Fo","eda27b5e-c233-4934-b200-bef87d36780f","GHA","L04",21642.858,6300,1930,0,0,0,105,2035
"D3dra7efrt6","c4d457a3-8d66-49bb-9402-3c4d7928aa81","UGA","L01",260714.3,120000,0,0,0,0,15000,15000
"D3k4R1hEUdA","4ad1485d-3e39-4b49-ad16-2ec9b12b8eb0","UGA","L02",260714.3,0,0,10000,1500,0,45000,56500
"d4TMBLeBJr2","038903fa-666f-4e8c-a7b2-37884ad8b64a","GHA","L02",0,0,2770,0,0,0,25,2795
"DEfS8gcomk3","03821c3f-f3ef-4d99-be85-74a2b72b2b97","RWA","L02",0,255500,0,2000,0,0,12000,14000
"dFX9VzkXhCA","7eba46de-548d-4ba2-9341-719b5e04b7de","TZA","L03",0,0,90000,0,0,0,0,90000
"dmUnjxva8t4","152b9029-07ba-4bb2-87ee-5616b72cbdb6","UGA","L06",NA,NA,210000,0,0,0,0,210000
"dQNLmp8vbx7","9465203f-7007-45d4-9ee3-69772289f9a9","GHA","L01",782.1429,0,0,0,0,0,0,0
"DRwp2xk3gPB","6c1e3381-1f96-4835-9fe7-9d38dd04eefd","RWA","L03",0,0,287000,0,0,0,0,287000
"dSafpBy1bV9","d141c054-6761-4ee8-9eb4-ac91e0e5596c","GHA","L04",5214.286,0,100,0,0,0,0,100
"dtBzhqj3kQA","41cba1d7-2ea1-4f3e-a5da-e9ba1efe4b79","TZA","L10",0,0,0,0,3000,0,20000,23000
"DUyLNfXcu24","7fd28292-37cb-49fe-9935-df8bd04c5f3a","UGA","L01",0,5652500.1,0,0,0,0,0,0
"Dw3Ud994KTB","4cbc8024-6852-4465-95fd-fc683a87cd94","UGA","L04",0,3650000,384000,0,0,0,0,384000
"dWWPvz9La34","6c19cb30-4b9d-47cd-8058-daa303539bd2","GHA","L03",0,0,1200,0,0,0,0,1200
"DybB4C7m1V6","33c8f0a5-a2ab-4023-bb9e-ea740abf5180","RWA","L03",0,180000,10000,52000,0,0,28000,90000
"dyd2EZBuR66","a41d34eb-5f61-41eb-ab65-b66a1ee1a8e8","TZA","L18",0,0,5e+05,0,0,0,120000,620000
"E3EGXT3BJS5","0942e4d3-cec5-487a-9984-33833ae003ca","GHA","L06",1042.8572,0,960,0,0,0,400,1360
"e4zTqWoHTi","2c4c8d0e-aaff-4598-a514-377aff2c8330","GHA","L01",0,0,4800,0,0,0,190,4990
"e7KZhetzbx","bc4aca70-4f78-4787-a4dd-4b72b8f8cbe1","TZA","L03",0,0,250000,0,0,0,27000,277000
"E9xodbJqWb8","17bc1c20-8ed8-451c-b4ff-d24840cf98e9","UGA","L07",0,0,0,0,0,0,0,0
"ea6XKQhZyd3","0bc6fd3d-ea5a-4be7-8dd9-ac79f4272fe8","UGA","L02",0,0,40000,1645000,0,0,450000,2135000
"EAdeyuGhu85","7f3b5b14-632a-499e-95f4-e7bbc9250767","GHA","L01",10428.572,0,0,0,0,0,0,0
"eaQik5x8C35","ef16e22f-b538-4af7-8da3-e274306b72ac","GHA","L03",0,0,1450,0,0,0,0,1450
"eBi2TWWBfPA","a0cb9b4d-afc6-4a38-8775-ea01bdda9b37","TZA","L11",0,0,0,0,12000,0,0,12000
"EhEwHyqcgE7","d1ce23c5-28de-4021-8038-44348d100196","TZA","L20",0,0,585000,0,0,0,0,585000
"EhXFcHgzLr8","2e3941be-b4d1-494c-9129-e8f058d30272","RWA","L07",0,0,15000,22000,0,0,150000,187000
"EJpjhf8ixG7","ab42c450-afff-446f-aae2-261d1ecce40b","RWA","L04",0,120000,0,1500,0,0,15000,16500
"EmjTzkKPcK4","cc5fbde8-1aa7-4b1e-8c38-6de1a72deb2b","GHA","L01",0,0,0,0,0,0,6000,6000
"EnufChhcvN6","21251732-6515-4103-b632-108e16e437a7","TZA","L20",0,0,3e+05,0,0,0,30000,330000
"EQM92niTjw","0d385456-c1f9-4e0c-935a-87e71fb27b1b","UGA","L07",0,0,60500,0,0,0,30000,90500
"EQUQxBxxA28","9ffcef43-64cd-417b-94ab-5c05f3abe5cf","UGA","L01",417142.88,14240000,0,0,0,0,40000,40000
"ERzfUDJvVr5","1ca3a17e-c5ac-447d-8465-5be9d56c1fca","TZA","L11",0,0,160000,0,0,0,1e+05,260000
"eSXVTUZDKD3","44a6c4e0-2c0c-4fca-bcf8-4b34a772f0c4","RWA","L03",0,384000,452500,0,0,0,45000,497500
"ev9j4bGtBTB","ee9ef14e-7e09-412a-9454-93eb2c340788","GHA","L04",0,0,755,0,0,0,250,1005
"EXzXQD4FSm3","26a9f3dc-4a1e-4c4d-b382-70e6c7fa8b0f","RWA","L03",0,0,13000,0,0,0,0,13000
"eYyzj3xgGn8","ca5dfa4b-df14-4a21-a08d-097a9528f20e","GHA","L06",1560,0,1200,0,0,0,0,1200
"eZcn1r4ZHQA","96a291b3-d997-4802-b661-eff605004f37","UGA","L07",NA,NA,45,0,0,0,0,45
"eze6AQDVxQ4","e658c15d-adfa-4128-978e-5f0aa6914a5a","GHA","L04",7821.429,36500,1915,2120,0,580,0,4615
"f52oa28ri63","08ec3846-69ed-404c-ad1d-276531fd9243","UGA","L06",0,2555000,266000,0,0,0,230000,496000
"F6gmnrrGL93","2e8628e0-9997-4aca-8894-0bab24984d16","UGA","L01",365000.02,0,250000,0,0,0,0,250000
"FcfWcnPR1A6","bc0ade71-e237-4410-82ba-471457bc560f","GHA","L01",0,0,60,0,0,0,0,60
"FEggU1cWz95","e9fe6c8c-b45c-4ca1-9129-c2e799349f47","GHA","L05",10950.0006,0,2750,2750,0,0,0,5500
"fHLhUbHi259","98325d63-1945-4ca8-9c53-4cd633196d57","RWA","L02",0,0,20000,0,0,0,40000,60000
"FiycRUoeZh","39b155c3-7bef-4477-99c1-391f9b85227f","UGA","L07",0,1440000,30000,40000,0,0,1162000,1232000
"fkisAfkhBS2","b6356a9b-7543-424d-a80b-06984436dfc7","GHA","L02",360,0,120,0,0,0,2400,2520
"fKYGZhSCHi5","6ff8a60a-252a-4fbb-a67f-f0f7a2cae1ff","TZA","L18",0,0,32500,0,45000,0,0,77500
"fL32p1TYNb8","f3066c44-20cf-499e-bf40-83e0ab91e833","RWA","L03",240000,464071.44,90000,160000,0,0,28000,278000
"fMF9APviXm9","21ab8806-9942-4ab1-b1c7-57474e21025a","TZA","L11",0,0,2400000,17500,0,0,0,2417500
"FnGwGBNbLj6","6fc9c33c-60f7-4459-b7e9-15bf01e4f721","UGA","L06",0,0,2222000,985500,0,0,2370000,5577500
"fqBewDc4e89","ddda0c2c-d650-4c8d-af68-4a258c5a87f8","UGA","L01",120000,3180714.4,0,0,0,0,0,0
"fss8vTYFEz2","a184d586-9dfa-44b7-bef8-818a29dd1303","TZA","L22",0,0,350000,0,0,0,180000,530000
"FtidgPbhow5","56bfb170-965c-4906-9a9d-38e2c39b63b1","RWA","L02",0,0,0,0,0,0,0,0
"fUSEvjoZCe","597b2140-d225-4376-bd01-68687de4c470","TZA","L19",0,1560000,0,0,1200,0,19000,20200
"fUwjdZnv1x2","7ae604f9-90e9-4f4a-b37c-b962b6e12fa1","UGA","L06",1800000,0,405000,0,0,0,2e+05,605000
"fvoTDbKYuW5","d8617376-83b3-4a70-95f1-793f75e2c627","UGA","L03",0,0,0,275000,0,0,0,275000
"fxSB64jdaSA","d6b15147-785a-4925-9dde-9674d1c5b436","TZA","L22",0,0,30000,0,0,0,18000,48000
"fYfZbzp5Nv8","1027058c-72d9-4200-b714-fc4e332d6bf4","UGA","L02",521428.6,0,0,1115000,13000,0,905000,2033000
"FYM9NczMwv9","670a1ab4-5798-49f5-9194-853f3ceda0e2","GHA","L05",840,1564.2858,0,0,0,0,0,0
"fyW9nSiREpA","ee9ae9a0-29bd-4d65-83ad-b659cb8d2df9","GHA","L05",0,0,180,360,0,0,0,540
"fzVneyP9Mg7","98333be3-3eea-4b84-be18-5c4fb345f974","RWA","L04",0,723785.75,0,0,0,0,0,0
"g2ZqebmF5z8","2dee07c2-a13e-476a-8746-6b031964579f","TZA","L10",0,787500,0,0,0,0,0,0
"G8pqkT9RvZB","b49ee4e0-16ab-452f-8868-3e58d4ddf04a","TZA","L20",0,1825000,0,0,0,0,1880000,1880000
"GAwYHaSgWn8","67c3f510-c701-4a5c-a2f7-66c46b96cce4","GHA","L06",2085.7144,0,1620,0,0,0,240,1860
"GDXUCUdQZB6","cca38534-be3b-4ce3-9ea1-b66a1caf13c6","GHA","L03",0,0,500,0,0,0,30,530
"GEgBv7HAf68","af418958-9529-49ae-a2c5-12f1841d23b0","GHA","L01",0,0,4800,0,0,0,350,5150
"gEi4dQZTGjA","42d53297-db95-483b-ba78-54fb87b67794","GHA","L02",0,390,11580,8030,0,0,-500,19110
"GEpVmB1chZ","27f7522d-7cde-4df5-94ca-eaf74142d0a2","UGA","L04",104285.72,0,0,0,0,0,0,0
"gggGZ6AgZ6A","6a70ab67-e1d0-4bc3-a4d1-e33899aca809","GHA","L05",0,0,2490,1800,0,0,0,4290
"ggHPuVorAC2","7d92f039-9b9e-4d90-90e1-95d8986c8151","UGA","L07",NA,NA,45000,0,0,0,0,45000
"GJymWVjaQVB","6737cb7e-730d-4b81-9a65-cb4620c60d3a","RWA","L04",0,0,0,0,90000,0,269000,359000
"GLaBCfmRHT9","682173ef-b5a5-4a62-9961-b76855a5a6cb","GHA","L02",0,0,880,0,0,0,0,880
"go6Ch5Km3k7","d6f5fccf-36c6-484c-80e1-d41cc8c6dffe","GHA","L02",0,0,4850,0,0,0,0,4850
"Goj6tydZtp2","924c881d-2e4b-45c3-820e-4433d041ae43","TZA","L03",0,0,0,0,0,0,0,0
"GPDYh6MvUT3","ae958ef9-c405-4b48-bdcd-3d95e657096d","UGA","L04",0,7821429,177000,0,0,0,80000,257000
"GPMVX5tyrx4","45629a84-cb38-49dc-bf4b-3af2fbffc5fc","GHA","L03",0,0,1800,0,0,0,0,1800
"gpPmZSQZXY5","5d9ae09b-dae2-4596-908c-d792d7088bd8","TZA","L19",0,7821429,0,0,49200,0,0,49200
"Gr3yWAqnod7","ed6417ae-e7d3-4604-9d8e-a08c6163aced","UGA","L06",240000,0,1737840,0,0,0,430000,2167840
"gRQgL3UsPb6","38b679e3-7705-47eb-ae82-efee72063148","GHA","L04",NA,NA,2512,2513,0,1600,490,7115
"gtdvY5R76A5","da3e7bed-56e9-49c9-b076-d7e256710461","RWA","L04",0,372857.16,0,7000,10000,0,0,17000
"gUGmee9jeJA","4ed3ea32-935a-45a6-9b2f-ac7d182e34e2","TZA","L11",0,0,245000,0,0,0,30000,275000
"gULVGjZq1b6","270180ee-dd9e-41f4-ae55-db0907678378","TZA","L10",0,0,280000,0,0,0,0,280000
"GuUwLgiijo2","b555d009-9d97-4d26-b1b1-79549a64738e","UGA","L02",0,0,0,6e+05,0,0,0,6e+05
"GV2SBh2drm7","b1686034-e293-4984-ada1-76c0f969b522","TZA","L19",0,1596000,560000,0,16000,0,10000,586000
"gVnZfUnJ4V","83c2e609-8b30-4b4d-8054-d440a4af617d","UGA","L01",0,0,397500,0,3000,0,340000,740500
"GwMi53segV4","988047de-a77e-4e79-b4ed-1df4a6b0d095","UGA","L02",0,0,0,265000,10000,0,1072000,1347000
"GZButysJgS4","d24cc455-06ba-4297-ab98-1097bff5c768","TZA","L18",0,0,0,0,0,0,0,0
"h2NJwtqVTd2","ead55c8b-9d32-417a-ae8b-65d42067bd10","UGA","L06",0,0,930000,880000,0,0,102500,1912500
"h5hVCQ5GHc2","072ec22e-59f6-4b28-bb02-810169d8501d","UGA","L03",0,0,475000,240000,672000,0,150000,1537000
"h7GgmuPVUH3","8afc71b6-144a-4458-b0dd-a872defb6f2f","GHA","L06",972,0,0,0,0,0,0,0
"h9yzMoqrEr7","f1ebb138-9b1f-4ed4-bc53-0f93c4953187","GHA","L02",0,0,1250,0,0,0,0,1250
"hfEUg9n1AW4","487a344c-242a-424e-a18c-72fc38fd9e39","TZA","L03",0,1042857.2,0,0,0,0,54000,54000
"hFv6mHJEwd5","b109f1ec-f9af-4fa5-a964-885bb4091b82","UGA","L06",182500.01,0,1583250,0,0,0,260000,1843250
"HGnHsWKAkp3","fc63705f-b332-4b3f-9d1a-7cef78361ea1","TZA","L18",0,0,0,0,0,0,1590000,1590000
"hiJdT15von9","f25435a4-50d6-4a1b-84c4-9e8665456619","UGA","L02",0,2920000,0,10000,12000,0,0,22000
"HJ9K9FonFCA","927f116b-62d9-4b0f-aace-4c9bbd7c0ee7","GHA","L04",0,0,848,2544,0,0,0,3392
"HK4BRArXjD6","07fc098f-2a4a-42d8-802d-533fe7269a2c","GHA","L02",0,0,5180,0,0,0,558,5738
"HLCLDYcEQF2","911a1768-fa8a-4231-ae73-e5e49eec45dc","UGA","L03",NA,NA,120000,120000,56000,-5100,30000,320900
"hnZo2CxSp92","86856e04-8659-4f04-aebc-d319d3f8623b","UGA","L04",1200000,0,571000,0,0,0,190000,761000
"HPHgA99tPJA","4cefef81-4774-49ae-ac74-7bcd963ed1d9","TZA","L20",0,10950000,1300000,0,0,0,240000,1540000
"HqDbz9qjXL","5ca6037d-9b1b-48fd-81ca-35ad6816ecf1","GHA","L05",NA,NA,2086,6258,0,1800,90,10234
"hrKn2nuXSs9","a72776b1-6281-4ca1-a26b-19ea4d206dc9","GHA","L06",2607.143,0,0,0,0,0,0,0
"HWkzcSXQNG2","58424d25-e22c-4c07-b4c8-9619e845a103","TZA","L18",0,0,0,0,260000,0,0,260000
"hwqvpwm7Wz7","87c1ce23-1e21-4279-81a0-295dd2341367","TZA","L03",0,0,240000,0,0,0,106000,346000
"HWUQqfGSi37","7e22fd5d-5256-46c9-b567-28aa1430e30d","UGA","L02",0,0,0,360000,0,0,0,360000
"hXCHXcG2W46","fd03fb9c-9b16-4246-9702-d390a20c6c2b","RWA","L04",0,156428.58,15000,0,8100,0,240000,263100
"hy4613HYBr3","8a4e3e78-22df-4ad9-96fd-1eeec6e0a184","GHA","L01",0,0,300,0,0,0,0,300
"HYK4pqongQ7","24dda978-46f7-43ac-95cf-7f45e91baf11","GHA","L03",0,0,3460,0,0,0,800,4260
"hyWdWQ552X7","00cdff25-a513-452f-af4a-7e7109a535ad","UGA","L01",0,240000,0,0,0,0,0,0
"i2ZRSY65p48","b4dbd338-5df9-4a46-b4fa-ea8bfd5d0b71","TZA","L22",0,0,6e+05,0,0,0,30000,630000
"i5k7QWkLJw8","cf864127-b108-4429-acf1-1442a0adfa48","UGA","L06",0,0,1055000,0,0,0,1e+05,1155000
"i6gRP4KTv4B","1e1772eb-b46e-4d93-a27d-2ed19ab9c4e9","TZA","L11",0,0,18000,0,0,0,0,18000
"iGeYWScB9G8","0fbeb263-b0c4-4617-af7b-bc74cee21bac","RWA","L02",0,730000,234600,0,67200,0,75000,376800
"ignYVcEWdh6","f70e2cd6-1552-433f-9f01-8fc6282ae24d","GHA","L03",0,0,3430,0,0,0,300,3730
"iLvTEBAQTN6","bf5ed629-8a3d-4a20-9898-d6a2460bad33","UGA","L04",0,0,2e+06,0,168000,0,2700000,4868000
"io6UuTdM1Q3","a7f5bcae-c5e7-4440-a971-a1310524bdb1","RWA","L04",0,216000,25000,0,20000,0,140000,185000
"iR5ETCSgpV5","f9ae1f88-f2a7-49c7-8d3b-7a57744eb38c","GHA","L06",1042.8572,0,0,0,0,0,320,320
"iRjEJTUQTW4","2221176c-35f5-4c7b-96be-d5a7e85f7613","TZA","L20",0,21170000,1e+06,0,0,0,49000,1049000
"iRtxUHTRGi2","601f3e23-fff5-4400-934a-16401af82fba","RWA","L04",0,696000,0,0,0,0,0,0
"iV8EbG17vX2","cff0cad5-55f6-43e8-88f6-98b87f4338ac","RWA","L04",180000,108000,13000,0,0,0,0,13000
"j18hwWBcwh5","4b5340c2-056c-4cc4-a602-dd40b44f8e3a","TZA","L03",0,0,0,0,0,0,0,0
"J2FX8wXV8S9","ff902b45-1178-439b-953c-73e8c3cf332d","RWA","L03",0,260714.3,0,0,0,0,0,0
"j3meptUjcsA","9accafa0-2536-4713-9480-55bd08b5807e","RWA","L07",0,365000,0,2500,0,0,0,2500
"J4NQk5mWMXA","773bfdd8-5b7a-4a4a-9908-71210acab48b","UGA","L07",0,0,0,0,0,0,0,0
"j5dyUZUjo25","26cbef3b-5520-45cb-9adf-99654d91bc0b","TZA","L10",840000,0,21000,15000,6000,0,50000,92000
"JADsmRVzNUA","fb4cacc9-c529-424d-8216-5933679f4625","TZA","L11",521428.6,0,0,0,0,0,1e+05,1e+05
"JbsDyyJEsp2","c09b53ce-bc7d-4d53-b0b1-ec7332d8dac3","TZA","L20",0,0,0,0,0,0,1018000,1018000
"JdnGCqPhcWB","c9f99a8b-b563-4e4d-9ddf-78e300057b79","TZA","L03",0,0,120000,0,0,0,0,120000
"jDuNCdZs246","037248dd-bbfd-4159-8696-524b46520b3c","RWA","L04",0,360000,64500,0,15000,0,-2000,77500
"jHTSofjuPJ7","9eb787e4-a3a3-477f-bd32-4b90858d4a9e","RWA","L04",0,0,0,8000,0,0,0,8000
"JiVbXhqxqD2","c7615c68-7686-463b-bdd7-26fa7d7201cd","UGA","L06",NA,NA,570000,7000,0,-11000,0,566000
"jiVQaMk2ZR","9511c8ae-7e9e-464f-a114-57e9eee505c4","TZA","L19",0,0,2610000,0,0,0,0,2610000
"JM2DWViH8L8","2cb7e53b-c13a-4913-9e72-512d5b9e4435","RWA","L04",0,288000,0,3600,0,0,0,3600
"Jm8YLfzpoy5","569a7711-3332-4e44-a373-fb0a01db4d7d","UGA","L06",0,1200000,441400,0,0,0,0,441400
"joFqVCsb215","cb9fe6d7-183c-4fa2-8c68-00a94e2e94fb","GHA","L06",0,0,420,0,0,0,0,420
"jqEwCxargT5","e65e5ace-bcf6-41ac-a6e8-782472ab4d94","GHA","L06",NA,NA,0,400,0,0,0,400
"jR5EnTkAqM3","15c88154-7cc8-46bb-bb5c-f3cb13cff440","GHA","L01",0,0,0,0,0,0,344,344
"JsGWt7k9dz2","4a83dbc2-acc6-4e5f-bdd3-b82d1ed49769","GHA","L05",3600,0,282.5,0,0,0,0,282.5
"JsmhauRP8E9","64527302-44ae-415f-8fd0-0047ab41fca9","TZA","L18",0,0,0,0,45000,0,0,45000
"jspz3eC2TW3","a014f0ed-ef7f-442f-8004-151897664b3b","UGA","L06",6e+05,1564285.8,0,0,0,0,110000,110000
"jsuqiyHhZp3","b7131833-1773-4d62-9611-7d94b469e998","UGA","L07",120000,912500,0,0,0,0,20000,20000
"jT3NCQFGuW8","61ce1e0a-aeda-4915-b139-2599d18f0798","RWA","L04",0,120000,0,4200,0,0,24000,28200
"jVAvmnH4bS6","354fd894-e7e0-4539-9f5c-049b53f55cc4","GHA","L05",0,0,5125,4125,0,0,400,9650
"K5Z7A224KK7","800f606a-9c58-43e3-bdb6-1533df36a4bf","GHA","L03",1200,0,30,0,0,0,150,180
"k6Z9D2Z16q9","cb005802-6aaa-4be2-a4cd-8e4cb5ea446b","UGA","L03",6e+05,0,829000,6e+05,4e+05,0,0,1829000
"K7cFANftUD3","96ef9062-d431-47f9-82c6-d60276b41407","GHA","L06",0,5214.286,0,0,0,0,0,0
"k8Wj9vHnf53","e26526b4-8b9d-4a6e-bf84-352b6054b45e","UGA","L07",NA,NA,0,3e+05,6000,0,0,306000
"k8zEL6BmKHB","104854f4-da60-4acc-8431-be2a3fef7edb","GHA","L01",0,0,0,0,0,0,0,0
"kAKQZBMLkGA","94081a2a-1dfd-4032-8ad0-ed87ba45e533","UGA","L06",0,1200000,75000,0,0,0,250000,325000
"KaNq8vjzJV5","c6d9faa2-849c-493a-a120-805962a336dc","GHA","L04",NA,NA,3664,0,0,4400,0,8064
"kAym5mCCtcB","2dee23b2-9891-43f3-9078-25897c51cb0e","UGA","L07",0,0,0,0,0,0,7000,7000
"kDWcVHqaaf2","cc774613-e5ec-4380-9bb2-64620205dc04","TZA","L19",0,0,5580000,0,2000,0,2e+05,5782000
"KeAxwek3yC4","95faffcc-86cd-4111-8237-448ac9a12684","TZA","L19",0,1825000,280000,0,0,0,0,280000
"Kg7uwpdD4P5","480d2d12-b814-4323-aa98-f2d528671e9d","RWA","L07",0,255500,0,16800,1200,0,2500,20500
"kJPFgVkrzr8","481a4c6e-3bfe-482a-b62e-fc4ec66c2df6","UGA","L06",0,1825000,344500,0,0,0,0,344500
"kjuUHkF5wTB","76bda31b-a2d5-44b4-ab87-9adce1d67439","TZA","L03",0,0,24000,0,0,0,0,24000
"KkYJfxvuWf6","9560de03-0cd0-4401-a452-66167e87e3ca","TZA","L03",0,0,0,0,0,0,4e+05,4e+05
"kLYaJ3DYGC7","732502ed-fc77-4c1c-9460-b1f05e9d830a","GHA","L03",720,0,3215,0,0,0,474,3689
"KoKjL6iByr6","78dbce09-4f6c-42ab-9f65-35001f718ba8","GHA","L01",NA,NA,0,0,0,0,0,0
"Kq42xQGSvu4","3533c0ae-57f4-47ca-9146-34f3d09a52de","UGA","L04",0,0,0,0,0,0,0,0
"kqzsJGqsJH5","85c1f1dc-2968-4db9-a3fd-7549f7fc26f6","TZA","L11",1042857.2,0,750000,0,0,0,5e+05,1250000
"KqZvf5fBTQ7","77859c71-6801-4591-adeb-3bffb969b933","TZA","L10",0,0,14000,0,0,0,20000,34000
"kRcrpHwnrk4","3556d8d3-d621-417b-962d-3d7b79ca1cd9","TZA","L10",0,0,0,0,7500,0,15000,22500
"KSchTBWs2p7","ec593723-35f8-404b-bf31-051e0fd86c56","GHA","L01",720,3000,0,0,100,0,480,580
"ktUuHHCU1Q5","9a23775f-2f99-474c-8fc4-832680c7cd61","TZA","L11",0,420000,156000,0,174000,0,780000,1110000
"KWsyirYykp","32e1a0e0-42bd-4725-98da-d3c87863eb8c","TZA","L18",4692857.4,0,0,0,0,0,0,0
"kwtgXoW7Ei8","7fd6b2c6-a55b-4f81-a892-05c5c85f504c","RWA","L03",0,480000,50000,39000,0,0,20000,109000
"KyapRja3Pi6","1c8f0b44-4094-41cf-aab6-db2539fef66a","TZA","L03",0,7300000,60000,0,0,0,22000,82000
"KYf3aU1imH5","262e959b-bf4e-4624-b07f-333ef6ac171c","TZA","L03",0,0,0,0,0,0,838000,838000
"kyXkjdQuZSA","3551e27f-4aed-4b9d-8798-da61c29193a0","UGA","L01",0,1272500,0,0,0,0,610000,610000
"L3z2GfyVdH5","2423bcf8-bb4d-4650-bd69-84426585ec9c","UGA","L03",156428.58,0,529000,450000,30000,0,3e+05,1309000
"L8vM1Pqk5B6","e72895b8-5ba9-4fe0-89c9-18b810a0a5d5","UGA","L06",0,0,180000,0,0,0,0,180000
"LAqtBPvPxy","68a64ac8-05dd-4f36-b89d-82a87eed798c","UGA","L03",0,3650000,1160000,70000,0,0,180000,1410000
"LcDR4MVNrw","0f16d5ee-1c3f-4071-b41e-793ff1642e5f","GHA","L02",0,0,2260,0,0,0,0,2260
"LEzTDqKV6f3","64d6634f-55bd-4fd7-8f46-b546b1fad138","UGA","L04",0,1825000,30000,1e+05,0,0,-50000,80000
"LFwa12jnrL2","0a93fc30-9228-4323-b69f-7ff79fda2cef","GHA","L05",0,0,21960,10980,0,0,0,32940
"LmNxHx7ukq2","1dd52319-79b8-4fa4-a6ca-e8701b3d49d0","TZA","L10",0,0,0,0,0,0,0,0
"LMzw8JsSze","aef1f045-d709-4f1e-843d-19cd24fa9d58","GHA","L04",156.42858,0,200,0,0,0,0,200
"Lsy3YMkKGP2","393e813b-3a04-4653-8210-fa19a2443469","UGA","L01",6e+05,5068285.9,18000,0,0,0,0,18000
"LwsCZHjGPqA","777901dc-53e7-4d1b-be9e-d706ce63d228","TZA","L10",104285.72,0,70000,0,113000,0,0,183000
"LXeBkVStet6","e2869926-d6d8-4a44-85c0-60c674e85cf1","UGA","L03",52142.86,0,0,180000,0,0,0,180000
"Ly7CbRbwGm9","74a35780-87c3-4f08-80ba-483ccd710d3b","GHA","L05",2400,0,0,0,0,0,0,0
"LZ29vrnear2","a3c1165c-f3d3-44c0-b7b0-626efec8992a","RWA","L02",0,0,1515000,0,216000,0,-20000,1711000
"m2R4hghXWD6","3a9401e0-5acb-40bc-9ea3-4baec094fb70","TZA","L19",0,1095000,1e+05,0,0,0,0,1e+05
"M8qxpz4tTs2","08243e9f-5c14-4a42-8516-8b435730a0d7","RWA","L04",0,0,0,3000,0,0,0,3000
"mBXHuSst1y6","d90bab57-9220-4267-b458-b9fd9db51c96","UGA","L04",0,0,0,0,0,0,0,0
"Mc7EjdDK3M3","8d549af2-92c4-46cc-83d5-80e8dc27428c","UGA","L04",521428.6,0,147000,4900,0,0,0,151900
"McAcYh2ZV69","3dc263f8-f947-467b-a7df-01ce1dd39b95","TZA","L03",0,0,360000,0,0,0,0,360000
"MdadqCNEiL","3cf6f401-2e08-4be1-9c05-6565ab6e0f33","GHA","L02",1042.8572,0,6979,0,0,0,15,6994
"mdqRMX9AQF6","8bb9eac2-7dbb-4dc3-8507-e5318f7964d3","TZA","L20",0,0,150000,0,0,0,0,150000
"mE3oDzqBqu4","0317d7a0-50ac-4692-ac38-a9015c680c63","RWA","L07",0,693500,120000,50000,2400,7000,79500,258900
"Mf1iaj3mXF6","f89a6281-91a7-42ec-af45-87f1a9c4b6fd","TZA","L19",0,1080000,6e+05,0,0,0,0,6e+05
"MFMymqGXjf8","941a3f01-389d-473f-ab1d-ba344c1541fb","GHA","L02",0,0,9510,0,0,0,0,9510
"MG8Mg2FAfw4","0c1fa043-ce9e-4ee7-8893-fe74fb480e0b","TZA","L22",0,0,150000,0,0,0,0,150000
"mhGSC5qMs53","100671ea-7d24-40bb-8ad7-4876416c0b5d","RWA","L02",0,5657500.004,124000,0,0,0,0,124000
"mjcdtjVVCA6","060a7c6c-0243-4522-a331-544e85405e89","UGA","L07",0,0,1e+05,0,0,0,1350000,1450000
"mKsBRiEXdL6","cbdd1c05-12ad-443a-89dd-446e25f13ed9","GHA","L05",NA,NA,2370,2370,0,0,60,4800
"MLdLHWK2Qr","7ab97b82-263a-4902-b4a7-3c8dc719e488","TZA","L03",0,0,24000,0,0,0,0,24000
"MmsqX496Yo9","7c06d8c1-3ff8-4902-b379-0a01e607daf2","TZA","L18",0,0,980000,0,14000,0,0,994000
"mpqcPSFDpCB","d2bec959-2221-47a4-9936-8367626b6ab1","UGA","L06",500714.3,0,450000,0,0,0,0,450000
"Mq9anduKdR9","dd28c3a1-2b55-4fe4-866a-22836a90ceca","RWA","L02",0,0,796000,20000,0,0,0,816000
"MqCGGaKzuz2","7f60fddf-757d-4575-8a74-94096051e6f3","TZA","L19",0,0,420000,0,8000,0,0,428000
"MScBRdzkSi4","072ac946-6e82-4e05-9eb2-1aa3515c3fe6","RWA","L07",0,208571.44,0,5500,0,0,0,5500
"mSfzhnwYib5","41d0bb22-a341-48c6-8e5a-b5feec56287e","UGA","L01",0,1200000,0,0,0,0,0,0
"mUFTDYR9Aj","e448a9d2-a304-4381-9192-cb93c753df50","TZA","L19",0,0,0,688000,0,0,0,688000
"mWbvKsGPM14","4c4975d3-a2a0-4420-8481-daf75a32ad1d","TZA","L10",0,0,0,0,15000,0,44000,59000
"MxhdeDaZTa9","b8045e96-92ba-4914-910b-a4feda789d93","RWA","L02",104285.72,166857.152,480900,0,44800,0,17000,542700
"mZbBzdZE8P5","cbb0f8b0-7d0c-46f6-9cd5-c91ac6c5f7d0","TZA","L20",0,0,4e+05,0,0,0,16000,416000
"mzUJUxpe7c4","d55374a8-49e6-49c2-be8a-55cf08b18e65","TZA","L22",0,0,330000,0,0,0,0,330000
"N1YUZvnVaG5","15db9f9b-6127-4a49-99ce-3af33a58bb44","TZA","L10",0,0,14000,0,0,0,0,14000
"n3hCRp3nTfB","63f55d1e-68fa-4a74-99ef-87377a2bb847","GHA","L01",0,0,0,0,0,0,0,0
"n4TwADF35","6220aec4-ee08-47ff-aa6d-43eefd59ff21","UGA","L04",0,0,0,0,0,0,35000,35000
"N5cedWi9F35","5fdd6726-45f0-4cbf-87ab-766129474216","TZA","L03",0,0,315000,0,403200,0,7350002,8068202
"N9o6jRf3hy3","f3d007be-3a06-44e2-bf8b-c2d620c8f9aa","UGA","L07",NA,NA,0,0,0,0,0,0
"nD93MDvRgs2","3ae0fa50-7f0f-4373-9f54-a82d69734873","TZA","L22",0,0,21000,0,0,0,0,21000
"nEEs7UdXKf6","1384b42f-083e-47a9-97cc-765647c6f357","TZA","L11",625714.32,0,0,0,0,0,78000,78000
"nf2b6XaXDy3","914c8d59-24e0-44e2-b6a0-b03eefdeefd9","UGA","L07",0,3650000,0,0,0,0,40000,40000
"nG6geyTvwq7","22977d0d-c1d5-4e07-b55a-dd812cbc706d","UGA","L03",0,10950000,20000,565000,0,0,0,585000
"njfYPSwX6c8","c130f306-45b2-4403-8d83-c621c3590d87","GHA","L01",0,0,330,0,0,0,0,330
"nkB43h7a3u6","12bd0ff6-f19e-41ac-b23a-c3ae9356709d","RWA","L02",84000,0,170000,0,36000,0,50000,256000
"nkZFomM6JN2","bfc7ae46-9ee5-4cd7-9b16-bed6b808f124","RWA","L07",0,219000,60000,110000,0,0,0,170000
"nLAqDVxLW42","d11e23bc-55a0-4891-bfda-b2da034ed560","GHA","L03",1564.2858,0,19680,0,0,0,0,19680
"nMZQwMPqKU4","cda42b94-695c-41e1-b3d7-de6ffbb82b5d","GHA","L05",240,0,0,0,0,0,0,0
"NNkYVQpfzGB","1e03b007-0134-4bdb-8998-9f71d049c79f","TZA","L03",0,0,0,0,0,0,178000,178000
"NnrfSQy1dmA","4aeb89a8-9ce5-489a-86ab-e1adc5d900b0","TZA","L19",0,420264,0,20000,0,0,0,20000
"NqtNJxp3qaB","e66cfe76-3177-4a40-81ba-1c347432e618","GHA","L04",0,0,70,0,0,0,0,70
"NqznyHy6N16","f5693b89-4b92-455e-9e06-11d2fea6e78d","RWA","L07",0,60000,9500,0,0,0,0,9500
"Nt5ok1nPNM7","83a4a6f1-492c-480e-a2b8-2982c9c37f4c","TZA","L03",782142.9,0,0,0,4000,0,0,4000
"Ny58V5eghz7","9b1408d5-d5f6-45e0-800a-976a12df4414","GHA","L02",0,0,8890,0,0,0,-5,8885
"nYHDrtr9BkA","07021066-ad90-4243-8381-dd6d3bad0aa9","GHA","L06",0,1680,1225,0,0,0,200,1425
"nZ3uwA7syq7","91e2fe4b-b522-4b8e-bbad-d635893f337f","TZA","L10",0,3650000,12000,0,3300,0,0,15300
"o1aKSCrDRMB","05b1f598-f18d-41bc-b666-801fb155af0c","GHA","L05",420,0,1816,5313,0,0,0,7129
"o1P6K2wcxu7","14994f73-4539-4af7-94f0-1336a41c151a","GHA","L05",0,0,880,1440,0,880,0,3200
"ob6Go1epkY4","6cbbc06c-302c-4b5e-8e2e-8dffbd0d351b","RWA","L07",0,876000,0,2500,2400,0,0,4900
"oDSCEcXBzq3","344474f4-cc2a-40df-bfb6-e32b7bc650ae","TZA","L18",730000.04,11862500,0,0,4500,0,0,4500
"oGAiiS5KTH6","368a13b5-a45c-4966-a14c-50addf9b4508","GHA","L03",0,0,8950,0,0,0,0,8950
"oimuabaAoj4","76414348-52be-4d77-aa91-9d1d739275a9","UGA","L03",0,1825000,0,2100000,2940000,0,2040000,7080000
"oJSmP1FYvbB","0972f007-16e6-402c-9c03-e09644dff0a5","GHA","L02",0,0,630,0,0,0,0,630
"ome4ka94t7","50e690ba-3bc2-49fb-b348-ab6f3945ec8a","UGA","L01",0,1800000,0,250000,0,0,0,250000
"onVKoJG2AfA","4171e4d6-69a1-4bff-8bd3-a20655a45c14","TZA","L03",0,0,0,0,0,0,220000,220000
"onwJq3WmHg2","1e37f84e-54f2-49e0-94b9-e3f4dd7b0dc6","TZA","L18",0,0,0,0,0,0,0,0
"oSahYBywkW2","182a1f2a-e976-4881-ab88-d822ce76eca2","RWA","L03",0,292000,0,8000,0,0,12000,20000
"p5n6hjGyeL","7b112015-6aed-4366-95ef-5e3a9691883e","TZA","L10",0,2848000,0,0,2000,0,82000,84000
"P6yZhzEGVc6","deabcd8d-8f89-47cd-9840-dbd6d63d125a","GHA","L04",0,0,350,0,0,0,0,350
"p7HQJGp7P14","c8a40ee3-2c34-4ee2-96c9-f04e5172a7c9","UGA","L02",260714.3,2372500,0,3e+05,126000,0,0,426000
"pAiSMicbJb9","e10d4b6c-1dc1-4a03-bed7-56c40c8ab501","TZA","L20",0,0,1250000,0,2303000,0,60000,3613000
"pcKda2i8vd5","70a2ce8c-39b8-4d42-9365-24df5cbe2396","TZA","L19",0,3650000,8e+05,0,0,0,16000,816000
"pdf1PrAkhV","f6837d6d-d23c-455d-8505-4f5eddace70a","GHA","L05",0,0,2100,4200,0,0,0,6300
"pEa2FhYEyQ2","42cc9719-4689-4543-af46-2bf8341c93fd","GHA","L02",0,0,550,0,0,0,185,735
"pfmDHWctSE3","292fd82c-5229-4371-9f3e-abcec62e95a3","UGA","L03",0,1825000,0,120000,0,0,15000,135000
"phfDZ3p9QE5","d7336a5d-3354-4212-94aa-17fe364b4f0c","GHA","L03",0,0,6300,0,0,0,0,6300
"piP7A67YkU7","54b011ef-214d-4797-ad5e-bed91922c285","TZA","L11",0,0,1160000,0,0,0,50000,1210000
"pKpxx6da5u6","6d2c6325-46b9-42cc-b611-5e4194826b24","GHA","L04",NA,NA,2825.5,2825.5,0,3400,0,9051
"pMDUa1EHvb","669630f9-da20-47ab-ac7b-02ae783eb800","UGA","L06",0,0,380000,117500,25000,0,65000,587500
"PnQa2dKYkK6","1a126b75-e6ff-495b-81d6-5d7c8897540d","TZA","L19",0,4275714.52,0,0,0,0,0,0
"PpJDFyaTPe6","fb140c3b-6bb2-449b-a293-2bbf169dbc72","GHA","L05",0,0,17050,17050,0,0,0,34100
"PrddN7Eh7v3","42b9f47d-56a0-402a-8fc5-2dbee16ac477","TZA","L20",0,0,35000,0,0,0,50000,85000
"PuLRmEWBe78","68790e4c-7379-4505-bc79-7e1b9967a4cb","TZA","L20",1042857.2,0,1690000,0,0,0,0,1690000
"PXb5NT8y8n6","dd450763-c5be-407d-a2f8-764a2fbaa494","GHA","L01",0,0,1480,0,0,0,470,1950
"pxqThuNPrG","86c55f4b-47b2-4f4f-b888-e4210771c822","TZA","L20",0,3650000,1265000,0,0,0,295000,1560000
"PxqUsT3Kg39","484efb94-7ff7-4904-ad18-f1f0492a0723","UGA","L07",0,2737500,15000,0,0,0,18000,33000
"PZ5Q2bVsEX8","f31a6696-ad51-479b-b474-c4809be17ef1","TZA","L10",0,3650000,0,0,6600,0,57000,63600
"Q12jo3rceY8","c4dae785-5380-45f7-b387-cdcca5356ffa","UGA","L02",0,0,0,50000,0,0,0,50000
"Q6XjbVrPyy9","6b679ece-2448-4d04-848e-c0c947200f53","TZA","L22",0,0,160000,0,0,0,24000,184000
"qaB9PRByhQ7","3cf81a41-695e-487d-b26b-5f8e92f98614","GHA","L03",600,0,24850,0,0,0,176,25026
"Qapm2uWHFt5","2e27e18e-3657-415d-9aeb-5bb8499fe273","TZA","L22",0,0,75000,0,0,0,70000,145000
"qBummgzDBd8","0207b89d-1f9e-4e49-ab52-23cc4e68a3de","TZA","L10",0,0,0,0,0,0,0,0
"QFh29fHsCvA","8c32db38-74db-42ea-b62a-b2327011f10c","GHA","L05",0,0,18776,34063,0,0,800,53639
"qG2u89ePnM3","e63f9ee9-c5e5-4469-a38a-95a80b0f306b","GHA","L01",600,0,0,0,0,0,0,0
"qGGstvM2E46","35db4163-4eaf-4dae-ba49-312e4146bcef","UGA","L07",0,0,120000,0,0,0,245000,365000
"qie8QYVB3s6","f8bb9d75-af1e-44fd-8e3e-ceb48b719afa","GHA","L04",0,3600,0,0,0,0,0,0
"QJMME7KeMn","886d9f40-46c9-4de6-ad9d-88a8d276ceed","UGA","L02",0,0,0,3e+05,0,0,30000,330000
"qKTwmCQoWz5","12f6b3d6-7910-43b8-a733-b7e74ebd1d02","TZA","L22",1042857.2,0,0,0,6000,0,140000,146000
"QNH5zfmLt2B","871336b3-e220-417d-877e-bd99c287a62c","GHA","L06",0,0,700,2400,0,0,255,3355
"QnVf7PaErv","82174ffd-3f18-43b3-b74b-ba477e9440f3","TZA","L19",0,3650000,65000,0,0,0,0,65000
"QokjJw6sDKB","62a3934b-f68a-4921-9382-45577b8fd7fc","TZA","L20",0,25550000,420000,0,3000,0,28000,451000
"qP3BigSRj28","134775ac-8356-4f83-8cde-1f42be37b881","TZA","L10",0,0,0,0,0,0,1e+05,1e+05
"QP58gEJbLF8","e44da653-d624-4232-91d7-f4e41ea7177a","UGA","L07",0,1095000,8000,0,1500,0,312000,321500
"qqEgat4rGk9","d51b90d5-7acc-49f1-95f4-0ab13f7fe0a0","GHA","L01",0,0,0,0,0,0,0,0
"Qrakmh9TAb7","ecc57c47-9bb2-488f-aed9-930e8c457c35","TZA","L20",1042857.2,6e+05,1100000,0,0,0,0,1100000
"QT4VeJxXHv4","3738c2ee-eb99-494e-998d-7c03e1be9afb","UGA","L02",0,1080000,1839000,7e+05,0,0,0,2539000
"QUACw1VqWL2","455bde95-d8e5-4773-9aab-ea02b4c0fccf","RWA","L01",420000,420000,6750,82000,0,0,151000,239750
"QuoaS1YaSX9","a50f975e-7a21-44a2-abed-c2255403b227","TZA","L11",0,5214286,73000,0,0,0,5e+05,573000
"QVFH5ibEfX","b1b055dd-d2eb-4364-9c1b-814d21055f04","TZA","L20",0,1825000,0,0,0,0,20000,20000
"qy7poFPTo22","3d31dbaa-bb42-49a4-ae41-322b5dbc71a9","GHA","L01",0,0,520,0,0,0,0,520
"QybMet9zZh8","e5908c92-42ba-4e1e-b919-fdc5521e154b","UGA","L06",0,0,14220000,112000,0,0,6e+05,14932000
"QYtwXPgNBa3","1b145178-e98f-4217-898f-2c0eee3b9014","GHA","L05",0,14400,960,830,0,0,0,1790
"R24vZdb6HQ7","f54190c7-e6b4-4b06-a6c9-3b77cb0cc538","GHA","L06",3000,7200,850,2800,0,0,8050,11700
"r4YWWf5e5x3","1b895cb6-3725-4946-8c3f-cdcc031afc00","UGA","L03",1200000,0,25000,0,0,0,1.4e+07,14025000
"r8r378XZhzA","4d6c8186-21f9-43f5-b6b3-da289fb430b3","UGA","L03",840000,0,0,30000,0,0,0,30000
"R9DTr4peJNA","5e5ff760-0102-4ebc-8637-df393853ab85","RWA","L06",0,0,1000,15000,1700,0,140000,157700
"rai72yodTZ7","63f24978-c5f4-4937-bcd3-1601fb223490","TZA","L03",0,6e+05,0,0,0,0,0,0
"raKhngAMuK5","d24c4993-d93d-48af-a0fd-1902de029171","TZA","L10",0,0,0,0,5250,0,40000,45250
"RbeUER44T9B","d0023186-dde3-4943-9fc2-5a4fe3015351","TZA","L20",0,0,0,0,0,0,222000,222000
"rfcJhQz5u38","38f6e245-c897-407f-a572-3eb15ace00bf","GHA","L04",NA,NA,325,0,0,0,200,525
"RfzDYcp8cy2","341a1362-a0d6-46c0-a972-d997c9050f0a","TZA","L22",0,0,0,0,30000,0,3e+05,330000
"rkEPTagLmF8","e015f609-ad2a-4224-bb88-dbd0a6c623ef","RWA","L04",0,0,59000,175000,4500,0,703500,942000
"RkxgfouGkY6","ef8e24f5-6cfe-48d0-ba94-d6758b8a96fd","GHA","L02",4171.4288,0,3520,0,0,0,330,3850
"Rmvq4s33Ev8","d9a3cb75-02e9-4ef0-b9c8-678af1c7f699","TZA","L10",2400000,0,0,0,0,0,1020000,1020000
"RnembMKrW72","37681739-b7d8-4b20-b004-8a777ee1d4ef","UGA","L03",0,2295000,270000,80000,0,0,0,350000
"RnWd36XhwD2","4203cf24-980e-4f58-b38b-d08b985a3a36","TZA","L11",0,0,28000,30000,0,0,-720000,-662000
"rP7DxqhNrW3","11d2d999-e838-49da-beb1-b40ef9ea2a71","RWA","L03",0,1311000,0,12000,0,0,30000,42000
"rQmTKtJ2h92","64f4193a-eeb7-46cf-8626-9b7ba322734f","RWA","L03",0,511000,0,0,0,0,0,0
"rR4rphkhyt6","8d125c4b-0da8-4dd3-a648-a017dd0d2441","UGA","L01",1355714.36,0,126000,1000,2200,0,0,129200
"rrTcscTcWH","2e37ebb7-0036-4cf5-94a9-339560fa37a4","UGA","L03",NA,NA,0,252000,828000,0,60000,1140000
"RscSHibFMZ","f95a63c7-6144-4071-a4bb-797eacbbca27","UGA","L07",0,0,0,0,0,0,0,0
"RTnL3zMj6T","458b2b1e-87ed-440c-9686-e8b06eb56625","TZA","L22",0,4171428.8,560000,0,0,0,0,560000
"rvasPDxnwj3","5d930e3e-442d-49ed-9f28-02735e7f7526","GHA","L01",6000,0,0,0,0,0,0,0
"rYhbEL7oXj9","ed890795-d2d8-41a6-84ac-9fa84da82390","RWA","L03",0,511000,10000,60000,0,0,0,70000
"rzTsdWdr6y3","35b76071-d936-4529-9034-86fecc08843b","GHA","L04",0,0,360,360,0,0,0,720
"s1YRqRa7dg5","533f019e-4637-401a-b1c7-67124628bb25","UGA","L03",680285.72,1825000,110000,325000,0,0,5e+05,935000
"s754vJkGDg2","9f22835e-4b1e-4736-9704-9f52df9b6b4b","RWA","L03",0,240000,80000,0,0,0,0,80000
"sAJq9uruKa3","6c8efcf9-62c1-4850-b66e-6cdb9d78f471","TZA","L19",0,3650000,120000,40000,120000,0,2e+05,480000
"sApJeip8V38","6e81ff46-9656-4ca9-9dd5-8153bf6ad7d6","TZA","L18",0,3577000,6e+05,4000,0,0,10000,614000
"SAvMdkgq8K4","9ef2533c-4b4e-4ee3-b2c8-4fa090a79994","GHA","L02",0,0,650,0,0,0,58,708
"SDoi2yLPd6","842aba95-7779-4b1e-949f-e710b8d3cc7d","UGA","L02",312857.16,0,0,0,21700,0,7e+05,721700
"seXpFZmj3a","0b8f1d81-a238-404a-9ce9-bf0e93e9cca3","RWA","L04",0,782142.9,5000,0,0,0,220000,225000
"SGWDY8X7yo4","ff78ae80-d07d-4715-ac8e-633297b206b0","GHA","L05",12000,0,11350,10875,0,0,0,22225
"SGWnjCX1hJ3","c32070be-5d2a-4691-b097-0fe0d2a02d8d","TZA","L10",2004000,0,105000,0,6000,0,42000,153000
"sohyYFGAMr9","f12c2c0e-c2fe-43fa-8f6d-658473e6e744","RWA","L07",0,0,84300,24000,0,-1200,168000,275100
"SqBCN18ii19","ccbf8493-3532-4b8f-af36-abb39d268a30","TZA","L11",720000,0,40000,0,0,0,0,40000
"sqDAomp7sVA","76b06909-e53f-44bc-afa0-a054e02da385","TZA","L11",0,3650000,0,0,0,0,0,0
"SqGfB47Y5q3","f2bfada4-0e2b-4179-86de-0eb0240d78f8","UGA","L01",2450714.42,7597500.1,54600,0,486000,0,0,540600
"sqHntKPZfk6","aaf90ba0-53b0-457e-9345-bc58786b1bcf","RWA","L02",0,730000,90000,0,0,0,0,90000
"SS7UVs5jxa4","86a30c10-df62-45bb-aa1c-2c75d45a75b1","RWA","L03",0,524035.727,55500,75000,0,0,0,130500
"sSK4YGpVFE3","5eb37d03-0d39-450e-9317-0e1f009c7e33","GHA","L02",2085.7144,0,0,0,0,0,0,0
"SstK2kLetr6","9f043766-ffb3-4676-b171-556b802c3c0a","GHA","L06",0,1920,0,0,0,0,0,0
"SUdaBvN6yMB","783c67a8-330a-4df8-b1af-592e6c08df38","TZA","L10",0,0,28000,0,0,0,420000,448000
"T5DZd2AUTX7","c0ee3f45-1307-44e5-94f7-975ba1d24816","TZA","L22",0,0,0,0,0,0,28000,28000
"t8pSXYMtCP","bd123c0f-d0c2-45bc-978f-62138056052a","RWA","L02",0,1204500,7500,5000,0,0,12000,24500
"Ta22RrxG4KB","87898111-5814-40d0-93b1-6eeaf7696efd","GHA","L06",0,0,200,0,0,0,0,200
"TbNKmfWhji9","69d9cd44-3665-42a2-9e07-f346bf2b1baf","TZA","L18",NA,NA,5e+05,0,0,0,10000,510000
"tcEkwscfpH4","f448ab47-1740-40d7-8e88-392a9becbf38","GHA","L02",1460.00008,0,1120,0,0,0,200,1320
"tdcaU4K6FA3","4950b9e8-4169-4c6d-ae37-33e89688c6b4","RWA","L02",0,0,510000,0,0,0,0,510000
"TdHhH26Qsi9","e30415ea-eecf-4843-93fb-f13175eebb36","UGA","L04",0,0,20400,0,0,0,0,20400
"Te4C6DJXQq6","7faa0c9b-b120-4579-9573-4a78b7718118","UGA","L01",1564285.8,10428572,552000,0,0,0,34000,586000
"teFJypg3MU7","93f84fb9-4fba-46fd-85cf-d998b6a3d6d0","TZA","L19",0,2508000,150000,0,0,0,0,150000
"TfTiB3qRvU2","0af3759b-7c3b-4d82-8efb-fcb57e29474a","GHA","L03",0,1920,5600,0,0,0,120,5720
"thieXHRj9r7","4036afd9-04ca-4dcc-9745-cedefb6f635c","GHA","L06",208.57144,0,2800,0,40,1800,600,5240
"tKy51hwqVM2","9fe5a5f3-5f7c-43af-b43b-66d74491e717","GHA","L02",0,2880,3290,0,0,0,0,3290
"tmtcp1ke5eB","6392c8ab-4307-48e5-8b70-a06176969d09","RWA","L03",0,3e+05,64500,1000,0,0,217000,282500
"tNWzZ2EiTjA","b92e7cb3-83ab-403d-9459-3a36de08e0ea","UGA","L01",0,0,240000,0,0,0,0,240000
"tQBVYhTSUx5","d8b18e97-41da-40da-afbf-f393fa38a5b0","TZA","L20",625714.32,1200000,0,0,0,0,287000,287000
"tsxUHiQSdd5","7e4dd4f8-1cb9-40da-96e8-81ae812fe74b","UGA","L07",0,0,216000,0,0,0,0,216000
"tsyzA3E2k36","8196df7a-c1d4-4815-82cf-7e0dacac61a4","GHA","L04",0,0,2280,600,0,0,0,2880
"TSZ8yp6UEy4","d18f8d52-c476-43a9-8030-eb7d06269533","RWA","L02",0,0,0,0,0,0,0,0
"Tt5k1X1aefA","4040071a-2dd5-45b4-996d-b83422e29281","RWA","L03",0,360000,10000,10000,0,0,12000,32000
"TTKHU3eLS44","2269b041-20f9-4e65-a3a5-08eaff46d796","UGA","L01",938571.48,0,216000,0,2400,0,75000,293400
"tU6yMt3dHA3","41772a85-ffa4-4497-9cdf-47252baf4cc6","RWA","L07",0,360000,130000,0,31400,0,82500,243900
"tuxCwfbZQN9","8ff7616c-d13f-4ba4-983c-d4dff9a71e6c","RWA","L07",0,0,15000,7000,0,0,12000,34000
"TVHKxGJD4T5","f733479e-3851-4c5c-857f-5fe1a14fdd3f","GHA","L06",0,6000,0,0,0,0,0,0
"tWqyJcJmuN5","db5bd6da-fdf9-426f-ae3f-218d5c2846f3","TZA","L18",0,0,120000,50000,12000,0,30000,212000
"TY6c2BvPeq8","0194ed8f-e6b6-4068-902d-fd0fd6f71651","RWA","L03",0,240000,0,0,0,0,1e+05,1e+05
"TYoYR9fk5v3","1a35a4f4-27c0-47f7-bfdc-de74a67ee6d4","RWA","L07",0,255500,113600,112000,0,0,27000,252600
"tzDJcn6PLMB","740a37c5-6244-4897-af71-d773bd27a4fd","RWA","L04",0,6e+05,0,0,2200,0,17000,19200
"TzXCuVJ5tP5","21ffacda-5afd-4ffb-adf8-b0b4eb82d44a","TZA","L20",0,0,9e+05,0,0,0,1430000,2330000
"U18xstU8LR7","a92782a9-b2e6-4bff-9630-b1534990a78b","GHA","L05",0,0,1600,0,0,0,0,1600
"U4AbXpgwpoA","00834288-d9ca-4830-9660-5860e6494839","RWA","L02",0,960000,182000,0,0,0,0,182000
"U7thyS2zJj8","3341ef55-2b9f-4775-a584-c982ad0f098a","GHA","L05",0,0,465,930,0,0,620,2015
"U7Y9xmtZk89","51fa8179-0d1f-46a7-bba0-a842f765e498","UGA","L01",0,2400000,0,0,0,0,0,0
"uA6dFVY3tr2","128723b2-0f45-420e-960d-0a497b6127f7","GHA","L06",2607.143,0,550,210,0,0,140,900
"UBoKCmEGFXB","65a919a2-9634-414b-94bd-ffd53cf91c8c","UGA","L04",0,4380000,1890000,0,0,0,0,1890000
"uDCakBEm7VB","c0345503-4bb5-4c35-87d0-9fdaf9d4da16","TZA","L20",0,0,3600000,0,144000,0,620000,4364000
"UDim1j4z9K9","d90b0f7c-547a-4c32-9a07-95743d082359","TZA","L18",312857.16,2085714.3,850000,0,0,0,0,850000
"udreQXLRb29","224fd2dc-e0ff-414f-83d0-b4d24fa5e457","UGA","L07",0,0,0,0,0,0,0,0
"udWPUwFP172","20d4a0c4-0e42-43f2-8019-ba0cd8bf0a4f","TZA","L18",0,0,650000,0,0,0,16000,666000
"UDYnaavH8U3","10f9fba2-08f3-45d0-95cf-bf8d4b5477d7","GHA","L01",0,0,0,0,3,0,0,3
"uF4YRcniT69","c12607b3-378c-4ab2-8f13-2971997ed2d2","GHA","L05",0,0,1000,0,0,0,0,1000
"UGrmX3B1xb7","0cd04d54-7cf4-4b0b-b6f3-49c626645a6d","TZA","L11",0,3128571.6,90000,0,30000,0,250000,370000
"UKqsMYWu6S2","d0a9b68e-ca31-4ddf-bac3-826680404b7e","UGA","L04",0,1825000,1150000,0,0,0,0,1150000
"uMco3gkx1Z8","8d85a955-f859-460b-8573-7187981021e7","UGA","L07",0,0,0,10000,0,0,0,10000
"UmXMMFYwnL4","f931446a-8961-4c25-b3fc-1c9c58471e8a","GHA","L03",0,0,4975,0,0,0,75,5050
"UNJbgF8rDE4","1032f43e-9108-4de9-9bbe-3b6dfe2288c6","GHA","L03",0,0,2395,0,0,0,220,2615
"uNqoVbaZpG3","3c1a00a0-5a0f-4339-96a9-d880318120f1","UGA","L07",521428.6,0,0,0,50000,0,4e+05,450000
"Urb5aXE3gA2","9193df5a-d4c9-437e-8bec-27338a648b60","RWA","L02",0,60000,273900,0,0,0,0,273900
"utcTs5LcPQ7","1162754f-68ae-446f-a94c-cfb92a1955cb","TZA","L03",0,0,585000,0,0,0,0,585000
"UUj4sWMqYC3","e2e6a7d5-e0a4-4b55-be96-23f87726c99a","GHA","L02",1564.2858,1800,5040,0,0,0,480,5520
"UVBzkFMeZz9","f41f48a6-4bdc-4ff8-a878-2c4ca953cf55","RWA","L03",0,120000,38000,0,0,0,29000,67000
"Uvc1cgf5XM9","5d9b75d2-243d-4322-9705-5f1290128afb","UGA","L07",0,0,150000,10000,0,0,0,160000
"uVDhbqsgm8B","79334983-87d7-4c75-bf8f-859394e3b477","GHA","L06",360,2376,0,1500,0,0,0,1500
"UYwovny68h","28526f1e-69e4-42da-81cc-cbd9001b3131","UGA","L04",0,0,0,0,0,0,60000,60000
"uz81YWocVs7","e4f15da3-d3ae-42fe-aa20-7df1c5ab1638","TZA","L20",0,521428.6,0,0,0,0,35000,35000
"uZWP16YfzT5","667f3e21-d1ea-4cd1-ba6c-00495b3ff30c","UGA","L02",0,0,180000,630000,0,0,0,810000
"v29v4CgCb9A","13e0bf6a-5e01-4788-830f-5ee9b7645479","UGA","L04",0,3650000,420000,0,0,0,0,420000
"v2cqtKhhmEB","7d22f7c8-2d38-4e87-b786-c9ceee796dfc","TZA","L18",0,0,440000,0,0,0,0,440000
"V42v2Qoi8j3","c8611342-77ba-49cb-804c-bd3b862756b0","GHA","L01",0,0,0,0,336,0,1855,2191
"v5AnXEEYcG3","9f1c2a2b-702b-419d-b82b-0bb15a7e3ae4","GHA","L04",0,0,4416,3180,0,0,100,7696
"V5nBNdt5Wo9","11068fa5-ac98-416c-a44a-140fd58d9c8a","UGA","L02",0,0,0,95000,7000,0,7e+05,802000
"V6SdSqrYbJ7","97a947e6-a039-4f9d-8e1f-a1ced86581d7","RWA","L03",0,182500,0,0,0,0,0,0
"vbnCBWJgn15","4242aaab-da2c-4479-8f06-40b506cb57e7","UGA","L01",0,6517857.3,0,0,0,0,0,0
"vC1xGx4WFW","d0a5fee8-c6e6-4b96-a169-37cc92963083","RWA","L07",0,0,348600,55600,32500,0,0,436700
"vCAfAwy9KTA","7da3ffac-0166-45de-9b6f-f95ecc54d2ef","TZA","L03",0,0,0,0,0,0,25000,25000
"vCMe7iY3tJ","9e981f96-bfdb-4b29-8bdd-5980eec42339","UGA","L01",365000.02,0,0,0,0,0,0,0
"VDYfVRu3Q44","fb900e91-4fbd-47f1-8aff-233324e7e56a","RWA","L02",0,0,17000,0,0,0,0,17000
"ve5Vid3J3j2","caad4289-c42d-4544-98e1-4158467cc2da","UGA","L03",360000,0,272000,0,0,0,0,272000
"Vh74sMy7UM8","905a93f1-024a-45c3-a18b-eb82d7810255","RWA","L03",0,1550928.61,20000,12000,0,0,0,32000
"VhjsvzpdVX8","619d6610-b5ee-45de-8e4e-9c87924f33ee","TZA","L18",0,960000,70000,0,22000,0,150000,242000
"VHVUj6zT8c6","93cdfff0-620b-474a-ada3-eca1ff113202","UGA","L01",0,4380000.24,0,50000,0,0,5e+05,550000
"vkQ3CHAz8S2","f9032ec3-9657-4df7-8aac-ff091b4e1260","UGA","L04",60000,1825000,0,0,0,0,0,0
"voQqwNL5SR4","103608ea-cf6b-4a4b-9fb1-7765cfef099b","RWA","L02",312857.16,0,395600,20000,285000,0,0,700600
"VpdWTmuL8k8","4bf4989f-cff5-4943-861c-dfd0ac44b233","TZA","L10",1668571.52,0,0,0,0,0,0,0
"vPv6VoT5Hx6","e2977d95-2e2b-4d47-973f-7b0c1131964a","UGA","L03",0,0,0,25500,6000,0,0,31500
"VQjx1ubsk84","24544d9c-a69f-4855-86c4-76344184128e","UGA","L03",360000,1825000,0,50000,0,0,0,50000
"vqK89X1n7z7","c523e191-a61a-40f2-9501-13298b076f24","GHA","L06",0,9047.1432,450,0,0,0,120,570
"vsXLkjJ58x2","754399c6-a1f0-49a2-9ec9-7b2286e9e6c4","UGA","L01",886428.62,9485000.1,0,30000,0,0,0,30000
"VTttxxMVpA7","70672fe5-a5c2-4fe4-b27d-6cf16af11128","TZA","L11",0,0,0,0,0,0,0,0
"Vuke4bM37hA","dc6ab15c-6156-4b56-a487-0d5d868ac3f3","TZA","L20",0,0,6e+06,5220000,1500,0,48000,11269500
"vvfZmP19Kx","41305aea-4626-4abc-9ddb-b8a3a2a74e04","TZA","L18",0,7300000,180000,0,0,0,0,180000
"vVmon4etMR7","b1bbb2e4-fa2d-463a-a6b9-f41fa9be2dc0","GHA","L04",0,0,0,0,0,0,0,0
"vvZZdLufJK3","56212224-8e58-4bb6-8035-e01289ba1b72","RWA","L03",0,240000,0,0,0,0,0,0
"vwWMrLhFgq5","aa78ab1d-f0db-4d93-ae0d-6661db1390f1","UGA","L04",0,0,0,0,0,0,0,0
"VxhDa2qgmM7","5b855898-cbd6-49c6-ba76-6b1a5cb0b645","TZA","L20",0,3285000,50000,0,0,0,0,50000
"VyrUWsmH5zA","765ad7f8-e625-44a3-a2b8-2c64bd5cf7af","UGA","L01",0,115249642.9,0,0,0,0,90000,90000
"vyxUdnM5dv5","6e806b90-2ff5-4f20-8c6f-007463349f47","GHA","L02",0,6720,1288,0,0,0,50,1338
"vz6UQ8NGgEA","99bebf7c-6bde-4477-b522-c51d675f4ac2","GHA","L01",0,0,0,0,0,0,685,685
"w27bEeu1DR","3f33f26f-1f13-4362-8fe0-db295ad19f97","UGA","L02",0,0,0,310000,39500,0,760000,1109500
"W5cRAyZKiP3","c660f861-2a33-4dff-ac5a-96580e57f552","TZA","L19",0,3650000,0,0,0,0,0,0
"w5r45534D96","dd7076b3-1301-4e22-876b-7529d5452145","GHA","L03",0,0,1000,0,0,0,100,1100
"w7mhEiauzv4","df19a4da-feba-4581-b96a-110c95fd9f9a","TZA","L22",1303571.5,0,57600,0,0,0,24000,81600
"W8ZrkDDq8B","1a465a6a-5a51-4e34-9841-bd82539a0ed9","GHA","L06",0,0,450,800,0,0,280,1530
"wbguRJt7c17","4503d631-2fe5-4098-b4ec-7827f54efb0b","GHA","L04",0,0,8244,3822,0,420,0,12486
"wEEPeGoe7x7","33c260a7-bcd4-4857-b77c-9ebdc3ed25d0","UGA","L01",672000,1303571.5,105000,0,0,0,4e+05,505000
"WEJAJe36mh4","b976e9ee-a651-426c-ace9-7370dfee00cc","TZA","L22",0,1800000,0,0,0,0,0,0
"WgmUQnWemm7","9591749d-8ea1-42a6-8e27-2eb9680858aa","GHA","L04",0,0,2450,5777,0,0,700,8927
"wGsPM221dM8","25af2126-9991-499d-98e7-96d2c05ef863","GHA","L05",521.4286,1303.5715,150,150,0,0,0,300
"Wj18gYU55E5","97e0329a-4fd8-423f-a062-db458bc1b6fd","RWA","L07",0,73000.004,50000,4500,0,0,0,54500
"wJPLc9G7D59","33f26ce1-a77f-4541-a16d-2d6a2e078813","UGA","L06",260714.3,9125000,480000,0,0,0,0,480000
"WjvUqZyb157","0f9a798d-11c9-4930-9a19-4986e18434f6","TZA","L22",0,0,0,0,0,0,150000,150000
"WKmRQnKoHA8","1462211e-9bf9-4153-95dd-aaa07ec5bef7","UGA","L06",0,2190000,37500,0,0,0,0,37500
"WmaX2iuVse5","48691221-aae3-4d2e-9efc-30782b5185dd","UGA","L04",0,0,80000,0,0,0,0,80000
"WMFdhZg7RN5","c7e86b3a-687e-4653-8d10-1ca0ee9ba45e","UGA","L02",260714.3,0,53000,16000,0,0,0,69000
"wr5wPxGTis","1d288e3c-f130-4d6e-9724-4f42fbfea3c8","RWA","L04",0,348000,270000,0,1e+05,0,0,370000
"wTASpGRGc38","39c7fe57-2aee-4d39-b5a7-07c5e3049330","GHA","L05",0,0,11200,22400,0,0,0,33600
"wtdrsEsEBX2","dd039e05-a1c6-418f-89e1-ba04811204c4","TZA","L20",0,1200000,6e+05,0,113000,0,3600000,4313000
"Wth4nHzDVc8","da0d8b39-3b74-4f53-815e-2183d45fefbc","GHA","L02",3128.5716,0,0,0,0,0,0,0
"wtorB9F7hm5","04591538-e6dd-40f6-835b-9e978a507d4c","GHA","L03",0,0,5100,0,0,0,200,5300
"WuExMq5R6A9","913194bf-f8c0-45fe-9410-3c792a75d2b1","RWA","L02",0,547500,0,0,10000,0,0,10000
"WVpeXYVGNq8","3be06ccc-d922-4153-b7e5-91bf89ff5165","RWA","L07",0,0,0,20000,14000,0,0,34000
"WvS53Ci87D3","dfaf6b1f-a1e2-4001-a219-b73ebf25b413","TZA","L11",0,0,0,0,0,0,0,0
"WWKohq5CDc4","8fb56cab-a0ed-420c-8ca4-4f1e139126b0","GHA","L04",0,0,400,0,0,0,0,400
"WX9WPcwEjJ9","c89ba34a-a0c8-4e10-9881-4604c6fef337","GHA","L05",6960,0,6040,6040,0,0,75,12155
"wXNS3oTZiX8","753274fc-dfb4-4f75-9a29-226e27434ae7","TZA","L10",0,0,0,0,5000,0,0,5000
"x16vgM9iGq3","852e7c87-3e2d-4d03-a58f-28dcb531b15f","UGA","L07",0,0,0,750000,0,0,280000,1030000
"x3KJboY4Wn4","cf798824-d2ae-4b89-b775-2c73a0da6597","UGA","L07",0,0,128000,0,0,0,530000,658000
"x3YWH9QUug","a2800c6f-0827-4ae7-8838-bde73bd62625","TZA","L03",0,0,256000,40000,0,0,0,296000
"X4aAZpreBL7","999171f8-aa8a-457a-9b0b-ad485c8316d7","GHA","L04",0,0,0,0,0,0,40,40
"x7bE3Pdy8h5","340671ee-31b5-4ea3-92da-ae13b239aecd","RWA","L03",0,312857.16,0,0,0,0,0,0
"X9YiaEDanB7","d026ab32-fc22-4d0c-81b6-488e7d5d1974","TZA","L22",0,0,0,0,0,0,0,0
"Xab6HD3Zh47","9516b9ed-5865-413a-8636-fd19e0117ee1","UGA","L06",0,0,140000,0,0,0,1e+05,240000
"xAHNqyKKrL4","3a9709c7-ee81-407c-a402-52c57c9f178f","RWA","L02",0,0,160000,0,0,0,0,160000
"XaYWTVN67N4","d7e23fee-7483-4477-b5af-b4da25764b8b","TZA","L03",0,0,0,0,0,0,360000,360000
"XBSg6BUGH3","d3fefa08-99b0-4084-ba99-54c35261ac0b","UGA","L06",0,0,295000,65000,0,0,50000,410000
"xcn3a9uEQZB","fc955d88-49c9-473f-b57a-5d94d6d642f3","TZA","L11",0,0,0,40000,0,0,150000,190000
"Xcq8cPDrtJA","c6f21029-8fde-41d5-a099-5bf40c8d97f7","RWA","L04",0,180000,0,0,10000,0,0,10000
"xcxoHDFasQA","084170c0-2868-44cd-b1b9-0f0e7b79759a","RWA","L04",0,182500,0,0,0,0,10000,10000
"XDQ9iJinQy9","f058fdf0-cf24-4832-b807-20d69e96f807","TZA","L19",0,870000,0,0,0,0,18000,18000
"XEA6aofdZo5","234922fd-e727-4a51-83f0-1241867ee75c","GHA","L05",1564.2858,1560,5980,5980,0,0,0,11960
"Xg5bY5Ztxx2","00e040b8-eed3-4783-affc-bd00fbd045d6","GHA","L01",0,0,0,0,0,0,0,0
"XiQuiDjntD2","b74d2e01-ea26-4ce5-876d-cbc38645d54d","GHA","L02",2085.7144,360,1980,0,0,0,103,2083
"xJ36NSni7X2","468285c4-397e-4255-950b-d19d135ac0ad","UGA","L04",521428.6,0,0,0,0,0,0,0
"xJHuYg9HkC4","b07bd1da-f325-4e9e-96c9-8f4377309eef","GHA","L06",0,0,3000,0,0,0,30,3030
"xkrLWnDGpw7","79348c4c-3a92-4884-8f9b-e16ec9c30965","TZA","L18",0,0,0,0,0,0,0,0
"XqoC5saQNR5","634cca85-9c24-405c-a68c-73ee75212dd1","GHA","L02",0,0,1910,0,0,0,230,2140
"xRKbT2uWYL4","bc2c204f-604a-4848-b207-81945bd766da","RWA","L04",0,0,160000,0,45500,0,-40000,165500
"XrphaE61Jh6","6def5674-0dfb-40e0-a526-4e2e38729913","RWA","L02",0,6e+05,0,10000,0,0,0,10000
"xVFJcnicr68","37c92418-86bb-4e78-a73d-5883d6fa7917","UGA","L01",9385714.8,0,0,0,0,0,0,0
"Xwug52WXRu6","bc20aa58-0bb9-4fea-80a4-aab981dba0f1","TZA","L11",0,0,0,0,0,0,23000,23000
"xwVxszyCYQ","82c31ef5-7b28-4851-a98a-4efe97645fea","UGA","L07",NA,NA,450000,420000,0,0,1780000,2650000
"y5bMEWTbk12","a64ecbe9-5023-460b-ab8d-305d373f2151","RWA","L02",0,0,154000,0,16000,0,0,170000
"yaHQ7ni6ar4","8af3c4fe-c74d-4918-b95d-e6be131e308e","RWA","L06",0,365000.02,16000,25000,34000,0,-2000,73000
"yCPYya5PZfA","2552e510-ae08-42d9-b1aa-28e4f07a4da4","RWA","L04",0,240000,0,0,0,0,0,0
"yDfj9pye3S8","88d26fa0-8795-4578-8c2d-b5e73df08128","GHA","L04",NA,NA,1300,2100,0,0,0,3400
"ydHcUTHKzD7","3a90d0c0-2f1f-4acd-ab0f-f5c6fda5057b","GHA","L06",0,0,0,0,0,0,0,0
"YDokUMGBos2","cf062afc-bd57-4596-8f62-e17035bd366a","RWA","L04",0,0,0,0,108000,0,380000,488000
"ydvLLQUM1wA","cc71a4b5-b9a9-4d02-8ccd-8388004e6fc2","RWA","L03",0,255500,0,30000,0,0,0,30000
"yE1Xsrhzmk8","1f0313dc-58f2-4cdc-a497-7bf53421bdda","TZA","L20",0,3e+05,250000,0,0,0,158000,408000
"YfvDPbb5H85","3b0ab210-c64c-4dfe-b492-2abf593dbfc8","RWA","L03",0,0,0,25000,0,0,80000,105000
"yhsx6xFzAD","0e0ed17e-4836-41ec-8afe-476b3a1a256e","TZA","L18",0,0,6e+05,0,0,0,0,6e+05
"yku5wXeXnu9","ac64f1b4-1551-4e5d-ae8a-0c84b6f1200c","TZA","L22",0,0,0,0,0,0,40000,40000
"yLS96zjnvX6","7776d849-59aa-4489-8db1-f778470986ee","TZA","L03",0,360000,0,0,0,0,650000,650000
"ymaHgFS7sD7","1f92fca3-4d80-4568-a234-6330298827d3","GHA","L03",1042.8572,0,2550,0,0,0,0,2550
"ypMu1Vkfqo9","d8d5fb89-2591-4de3-8343-17ae8b695b5b","UGA","L02",6e+05,0,0,30000,0,0,35000,65000
"yPna76R7KH6","4c67d1f7-21db-48a5-ae94-3a83ed95c17c","TZA","L10",360000,0,40000,0,0,0,48000,88000
"YqAFB2BMNLB","f3d11886-0ac9-446d-84ab-0d26cf37b6b6","GHA","L03",0,0,18000,0,0,0,120,18120
"YR25C1AKLBA","6b3fe2a8-f6d8-4d6a-825c-99b6dded2315","RWA","L04",0,0,0,0,0,0,0,0
"Yt9L1fZvpf5","945be93d-45f0-4e2b-acd8-b46108d31d38","GHA","L06",0,4560,16000,16000,0,0,6800,38800
"YTTV9E8N5B7","603594ec-b4b2-4a29-b6c6-397ed8d18061","UGA","L01",0,0,341200,5000,5250,0,3185000,3536450
"ywS4MJJe4cB","712989b4-7d4d-49c6-8b0e-4c6c0dc8d601","TZA","L11",0,1200000,2e+05,2e+05,4000,0,150000,554000
"YXV6xbSxws2","c512b6a8-5c52-4921-a663-e499d9b7a5fa","UGA","L06",0,0,380000,0,0,0,0,380000
"yyBkps8kGBB","34b066e4-9f1e-44ce-a427-49e32ff3da6d","GHA","L06",58400.0032,0,0,0,0,0,0,0
"yyXhtLq72C2","be7cda68-bdf3-4f0e-921e-64921b83ac7a","RWA","L07",0,312000,87500,20000,0,0,0,107500
"Yz9QZdfbFV","c284e0c0-44ad-47e9-a7b3-f1ec96bd1161","UGA","L02",365000.02,0,0,152000,4000,0,226000,382000
"yzbJgVuQFv2","62b24c8c-6a64-4d65-9892-296bbe607edf","TZA","L19",0,3858571.64,70000,18000,0,0,0,88000
"z7c7QHaTTe7","f5e02466-28c1-4d0b-8954-e0c8c704ba45","RWA","L02",0,0,327000,0,0,0,0,327000
"z9PS7Qjy5L2","ce5b9361-c1f7-469e-a8ad-837b86414186","UGA","L04",0,1825000,1650000,0,0,0,-110000,1540000
"ZaEAz3d3Dr6","193c4389-d648-4464-befb-ce5a8fc35667","TZA","L03",0,0,0,0,2000,0,20000,22000
"zAweUkHmCz8","86f27271-88f0-47c5-a5f2-5b4edc774283","GHA","L05",0,0,4440,8880,0,0,0,13320
"ZAXs3MY83J","0096c328-d5d3-4c80-9b87-f96e87f2ab4b","TZA","L10",0,0,0,0,0,0,0,0
"ZAZu9eYNzaA","5c5f60ce-04c0-4845-b854-2be63ea65fb8","TZA","L03",0,9125000,7200,0,0,0,420000,427200
"ZbDwCBkG2A5","06b61184-043e-48fa-9a07-4f36e72845ce","TZA","L20",417142.88,0,1e+05,0,0,0,0,1e+05
"zbPhVbZ2hNA","8662a0e1-4bdd-4b28-9c07-6e879087334c","GHA","L04",0,0,2704.5,2704.5,0,0,60,5469
"ZbpM6thc1b2","037d10d0-3881-4cfe-b5ea-68a591657516","UGA","L02",0,2920000,0,0,0,0,0,0
"ZBSFxdohGu7","373d747a-4a5b-4706-8f46-d1abf8255f7b","TZA","L19",0,1440000,1260000,30000,0,0,0,1290000
"ZC9BxGQiLT8","4ac37cda-edbe-4e15-b8bd-691cfcd44b3b","TZA","L11",0,3650000,25000,0,0,0,5000,30000
"zCz7aSrczL2","47c55c88-7d3a-4546-9d15-5220cac51594","UGA","L04",0,0,120000,0,0,0,0,120000
"zddQBRJke87","a44779e8-b360-4ae3-bb21-821853c0007f","TZA","L19",0,0,440000,0,0,0,30000,470000
"zebc4qh1zU8","3aa7b22f-4c59-4c36-a802-6a7004615eae","GHA","L04",7821.429,1200,2250,0,0,0,0,2250
"ZeurtKQcW93","17dde3c3-1fd6-469e-96ad-6f6f9e0a890c","TZA","L20",0,7300000,65000,0,0,0,0,65000
"ZgVCya2zX73","c12efe5a-cec7-4776-9424-84df4371bb54","GHA","L01",29200.0016,0,6430,0,0,0,890,7320
"ziHZfbph8gA","bb1708df-97ae-4089-a814-893eaf0875ee","TZA","L19",0,3832500,36000,0,0,0,0,36000
"znifEwvA5C4","6a5775d8-1474-4e11-8e5b-0c4b442c826f","TZA","L03",0,0,0,10000,0,0,0,10000
"znLkiipm6hB","40d880fc-4a1a-476e-a4b1-f82ee0421fff","GHA","L04",0,0,810,660,0,0,40,1510
"ZpzNhUcn8E4","b67c3e8f-d585-4675-a881-11411f425497","UGA","L06",NA,NA,150000,0,0,0,0,150000
"ZRuCufE5rt9","926b1aac-1923-481c-bfb4-a5c0462b3827","TZA","L10",0,1080000,0,0,6000,0,0,6000
"zRYovaahru9","000c9396-d999-45ad-900e-b77ae47ceca9","TZA","L20",0,0,2600000,0,0,0,21400000,2.4e+07
"ZSL3mumZ4X8","07a54e2c-e9d8-4167-82c2-7ce434ca75c2","TZA","L18",0,0,270000,380000,90000,0,275000,1015000
"Zsq7RscRsJA","21f94429-f4e2-4307-9a9c-7dd6ed1a7b25","UGA","L06",260714.3,0,275000,0,0,0,0,275000
"ZsXLTqgEPA2","9a97b0b3-2e17-42af-96ca-84262af41982","GHA","L01",33632.1447,10950.0006,0,0,0,0,60,60
"ZU7tm63WQNB","28a0db98-22ef-4f7d-afb7-e8850f27dacc","UGA","L06",NA,NA,160000,0,0,0,0,160000
"ZVVKrqxAx48","20f2ed6c-3f38-4d54-93f1-53438a61369b","UGA","L04",0,42720000,250000,10000,0,0,0,260000
"zVWFb5eAbV7","3e6a1f1c-1a33-401f-a639-11dba08ed57f","UGA","L07",0,730000,0,0,0,0,185000,185000
"zwCpRhKnPo9","1fad53d1-7c5b-4517-80fb-3a21ace93c72","GHA","L05",6000,1200,2490,4027.5,0,0,0,6517.5
"zxz5fHgxQr4","180256c8-3b71-4c59-a6b1-05864140136e","RWA","L02",0,0,388000,0,0,0,0,388000
"zywmeprmCJ6","044f80e7-d605-47be-9f63-76ca160e8534","RWA","L07",0,104285.72,0,0,300,0,0,300
"Zzj5HfKc4d3","15a6a679-bd3e-4fc1-9b02-55b15bfa63f2","TZA","L22",0,0,0,0,0,0,0,0
